domain,hit_count,first_seen,last_seen
auth.api.gitv.tv,32285,2026-07-29T14:17:03.1960131Z,2026-08-05T09:11:45.173477245Z
self.events.data.microsoft.com,24906,2026-07-29T14:39:09.479210983Z,2026-08-05T08:15:27.523902861Z
gstat.ptmi.gitv.tv,23302,2026-07-29T14:16:52.158386395Z,2026-08-05T09:11:48.147685306Z
log.zijieapi.com,19415,2026-07-31T07:34:16.533228045Z,2026-08-04T15:06:05.10533435Z
aeventlog.beacon.qq.com,15841,2026-07-29T15:27:45.852414462Z,2026-08-05T09:11:45.692794383Z
pc-mon.zijieapi.com,6662,2026-07-31T07:34:12.063448917Z,2026-08-04T15:05:24.50450087Z
tracking.miui.com,5178,2026-07-29T14:24:45.564765311Z,2026-08-05T09:10:39.669378692Z
ssl.google-analytics.com,5146,2026-07-30T22:08:29.895550278Z,2026-08-04T17:22:45.160715165Z
dig.bdurl.net,4811,2026-07-29T14:30:55.944670279Z,2026-08-05T05:46:54.939931035Z
metok.sys.miui.com,4476,2026-07-29T14:31:11.909224806Z,2026-08-05T08:56:25.601649921Z
redirect.pandora.xiaomi.com,4018,2026-07-29T14:20:20.092851806Z,2026-08-05T09:10:38.141713584Z
mobile.events.data.microsoft.com,3562,2026-07-29T15:43:55.605563305Z,2026-08-05T08:12:01.924715267Z
video.market.xiaomi.com,3326,2026-07-29T14:19:08.519755278Z,2026-08-05T09:09:46.033958939Z
image.cdn.pandora.xiaomi.com,3322,2026-07-29T14:17:18.087752299Z,2026-08-05T09:10:56.314199932Z
package.box.xiaomi.com,3322,2026-07-29T14:16:47.976143394Z,2026-08-05T09:10:26.198427421Z
appstore.cdn.pandora.xiaomi.com,3320,2026-07-29T14:17:58.242603021Z,2026-08-05T09:11:36.475444702Z
analytics.map.qq.com,2819,2026-07-29T15:29:19.334446059Z,2026-08-05T09:11:11.892109023Z
api.ad.xiaomi.com,2147,2026-07-29T14:26:04.91233034Z,2026-08-05T08:50:02.841292728Z
zzhc.vnet.cn,2069,2026-07-30T01:36:16.211196571Z,2026-08-05T08:07:20.55785214Z
dns.weixin.qq.com.cn,2009,2026-07-29T14:18:57.38429275Z,2026-08-05T08:57:28.670510253Z
cgicol.amap.com,1938,2026-07-29T14:50:22.08742958Z,2026-08-05T08:38:38.100505809Z
stun.hitv.com,1916,2026-07-29T14:34:03.087977263Z,2026-08-05T08:32:20.634707252Z
sdkconfig.ad.xiaomi.com,1444,2026-07-29T15:21:34.605825348Z,2026-08-05T09:10:39.28785473Z
px.wpk.quark.cn,1379,2026-08-02T09:59:26.771697408Z,2026-08-05T09:09:37.264577479Z
file.daihuo.qq.com,1370,2026-07-29T15:30:38.672421762Z,2026-08-05T09:03:23.781031481Z
functional.events.data.microsoft.com,1354,2026-07-31T07:35:14.329622247Z,2026-08-04T10:50:48.954046595Z
statusapi.micloud.xiaomi.net,1325,2026-07-29T14:51:45.735752217Z,2026-08-05T08:54:46.39709679Z
sd-gl.comfylink.com,1128,2026-07-29T14:50:21.008392042Z,2026-08-05T08:07:15.540107106Z
galileotelemetry.tencent.com,993,2026-07-29T17:13:08.948218434Z,2026-08-05T09:09:37.701362409Z
ws-keyboard.shouji.sogou.com,779,2026-07-29T14:41:54.55737808Z,2026-08-05T05:14:04.616345103Z
misc.pandora.xiaomi.com,708,2026-07-29T14:16:36.972115633Z,2026-08-05T06:58:17.353115107Z
dataflow.biliapi.com,660,2026-07-29T14:37:16.260871638Z,2026-08-04T15:25:01.342050537Z
wximg.wxs.qq.com,648,2026-07-29T15:29:19.712893752Z,2026-08-05T08:39:51.019144333Z
tracker.xiaomixiaoai.com,617,2026-07-29T14:24:43.230036525Z,2026-08-05T08:42:29.024826564Z
android.bugly.qq.com,535,2026-07-29T14:37:16.203337975Z,2026-08-05T07:54:07.585931376Z
apmplus.volces.com,520,2026-07-29T14:51:44.122557044Z,2026-08-05T08:39:16.017052218Z
httpdns.bilivideo.com,519,2026-07-29T14:37:16.367347259Z,2026-08-04T15:24:55.083746122Z
apd-pcdnwxstat.teg.tencent-cloud.net,515,2026-07-29T14:26:43.880090935Z,2026-08-05T09:08:37.385487552Z
apd-pcdnwxlogin.teg.tencent-cloud.net,514,2026-07-29T14:50:06.551746641Z,2026-08-05T09:11:29.524417932Z
sdk.e.qq.com,513,2026-07-29T22:22:11.843043456Z,2026-08-04T22:34:58.524861454Z
tracker.ai.xiaomi.com,510,2026-07-29T14:17:03.464081415Z,2026-08-05T08:02:00.571457594Z
apd-pcdnwxnat.teg.tencent-cloud.net,506,2026-07-29T14:50:10.460808632Z,2026-08-05T08:45:52.546819309Z
qtsftl.m.cn.miaozhen.com,506,2026-07-29T14:25:38.658866731Z,2026-08-04T23:06:33.23212166Z
log-klink.zijieapi.com,498,2026-07-31T07:34:16.524609439Z,2026-08-04T14:57:49.049844987Z
sdk.ptqy.gitv.tv,498,2026-07-29T14:35:38.689832548Z,2026-08-05T08:56:34.034390753Z
policy.video.ptqy.gitv.tv,483,2026-07-29T14:45:38.726990726Z,2026-08-05T08:56:34.03514157Z
mon.snssdk.com,478,2026-07-29T15:03:18.5655333Z,2026-08-05T05:13:03.665486631Z
mcc.inf.miui.com,444,2026-07-29T14:23:51.986310686Z,2026-08-05T09:00:56.90297653Z
h-adashx.ut.taobao.com,432,2026-07-29T14:39:18.932587401Z,2026-08-05T08:59:09.723242882Z
preview.jupiter.sys.miui.com,423,2026-08-02T10:40:22.417669693Z,2026-08-05T09:10:17.071163556Z
seeds-open.comfylink.com,417,2026-07-29T14:50:21.113899338Z,2026-08-05T08:03:44.114638023Z
snowflake.qq.com,413,2026-07-29T15:27:45.760080986Z,2026-08-05T08:41:31.846900524Z
tnc0-aliec2.zijieapi.com,407,2026-07-29T14:50:20.165104527Z,2026-08-05T05:41:30.055148847Z
game.eve.mdt.qq.com,389,2026-08-03T09:14:03.216950512Z,2026-08-03T09:48:07.525009105Z
wxa.wxs.qq.com,389,2026-07-29T15:30:38.67431932Z,2026-08-05T08:39:51.04687081Z
oth.eve.mdt.qq.com,386,2026-07-29T16:16:49.390541756Z,2026-08-04T22:24:32.042186848Z
om.tracking.miui.com,383,2026-07-29T21:34:46.699260048Z,2026-08-05T08:19:07.448092473Z
px.ucweb.com,376,2026-07-30T08:27:12.559790516Z,2026-08-05T07:01:26.545343949Z
tnc0-alisc1.zijieapi.com,362,2026-07-29T14:50:20.049680491Z,2026-08-05T05:41:31.189849968Z
mon.zijieapi.com,351,2026-07-29T15:15:00.932595772Z,2026-08-05T08:05:07.939140138Z
rmonitor.qq.com,348,2026-07-29T15:27:45.963564982Z,2026-08-05T08:42:32.103033656Z
qappcenterv6.3g.qq.com,336,2026-07-29T15:27:46.784642333Z,2026-08-05T08:58:36.247804013Z
mssdk.bytedance.com,335,2026-07-31T07:34:42.485432332Z,2026-08-04T15:01:49.254712766Z
api.sec.miui.com,334,2026-07-29T15:24:14.096855498Z,2026-08-05T05:14:23.862216509Z
v20.events.data.microsoft.com,328,2026-07-30T05:39:04.133216557Z,2026-08-04T14:59:24.34055234Z
st.todesk.com,317,2026-07-29T15:02:12.47896998Z,2026-08-05T08:43:33.410995805Z
v10.events.data.microsoft.com,317,2026-07-31T07:33:05.519403807Z,2026-08-04T14:58:18.50251693Z
api.device.xiaomi.net,308,2026-07-29T14:44:48.633600482Z,2026-08-05T09:00:48.519696707Z
events.telemetry.data.nvidia.cn,294,2026-07-30T06:13:55.460411015Z,2026-08-04T15:02:06.457619506Z
data.bilibili.com,286,2026-07-30T01:55:13.46818107Z,2026-08-04T15:24:51.18630201Z
t7z.cupid.ptqy.gitv.tv,284,2026-07-29T14:25:38.668964903Z,2026-08-04T23:06:33.230719915Z
sdk-open-phone.getui.com,272,2026-07-29T14:30:55.800941265Z,2026-08-05T08:54:54.832632358Z
guid.tpns.sh.tencent.com,263,2026-08-03T05:42:20.837435778Z,2026-08-05T05:46:51.037386468Z
milink.pandora.xiaomi.com,263,2026-07-29T14:18:07.114817562Z,2026-08-05T05:53:32.343606494Z
browser.events.data.msn.cn,259,2026-08-02T01:41:45.233086076Z,2026-08-04T11:41:56.350590724Z
sdk-cache.video.ptqy.gitv.tv,257,2026-07-29T14:25:38.66119635Z,2026-08-04T23:06:33.232049043Z
si.ptqy.gitv.tv,245,2026-07-29T14:25:38.660226984Z,2026-08-04T23:06:33.230996368Z
etl-xlmc-ssl.sandai.net,244,2026-07-30T01:57:18.98775086Z,2026-08-05T05:11:59.770176625Z
pcapp-data-collect.youku.com,242,2026-07-29T14:39:20.996860635Z,2026-08-05T08:39:50.784327912Z
id6.me,238,2026-07-29T14:54:45.342548792Z,2026-08-05T07:55:08.090099509Z
cdn.exp.xiaomi.com,234,2026-07-29T15:19:45.08545938Z,2026-08-05T08:46:54.03862497Z
gator.volces.com,226,2026-07-30T02:25:30.630728056Z,2026-08-05T08:39:16.011943965Z
configsvr.msf.3g.qq.com,216,2026-07-29T15:27:46.474604257Z,2026-08-05T08:48:44.455449436Z
ccc.sys.miui.com,207,2026-07-30T01:38:04.460184589Z,2026-08-05T08:26:21.598459459Z
seeds-open.xycdn.com,205,2026-07-29T14:41:12.224763844Z,2026-08-02T09:28:42.330551436Z
v2.reachmax.cn,204,2026-07-29T14:25:38.661732781Z,2026-08-04T23:51:48.459723405Z
sp1.baidu.com,194,2026-08-03T05:00:09.747681856Z,2026-08-05T05:57:19.23254523Z
vcs.zijieapi.com,188,2026-07-29T22:22:16.938991142Z,2026-08-05T05:00:05.000621353Z
toblog.ctobsnssdk.com,187,2026-07-29T22:07:53.675888946Z,2026-08-04T22:34:40.667493428Z
umc.danuoyi.alicdn.com,186,2026-07-30T15:26:05.084367603Z,2026-08-02T12:47:51.935935995Z
p3-ad-sign.byteimg.com,184,2026-08-05T03:14:51.463378037Z,2026-08-05T05:46:54.945533868Z
sd-gl.xinqiucc.com,182,2026-07-30T03:50:01.395674686Z,2026-08-04T16:09:13.63330624Z
fp-it.fengkongcloud.com,180,2026-07-30T02:25:30.625305425Z,2026-08-04T08:46:43.688969278Z
otheve.beacon.qq.com,180,2026-07-29T15:28:33.043003376Z,2026-08-04T10:38:56.397752925Z
i.snssdk.com,178,2026-07-29T14:55:15.550841593Z,2026-08-05T07:55:38.148250116Z
msg.ptqy.gitv.tv,175,2026-07-29T14:16:46.37695925Z,2026-08-04T13:26:05.101676216Z
mum.alibabachengdun.com,171,2026-07-30T08:25:19.900618046Z,2026-08-05T08:59:19.007676428Z
szlong.weixin.qq.com,171,2026-07-29T21:39:18.535501692Z,2026-08-04T22:19:36.705528276Z
ido.gepush.com,169,2026-07-29T22:22:15.334514331Z,2026-08-05T07:53:50.375358704Z
seeds-open.xinqiucc.com,164,2026-08-01T02:33:18.064254985Z,2026-08-04T16:29:57.345934496Z
adim.pinduoduo.com,162,2026-07-29T15:01:34.673571143Z,2026-08-03T15:12:42.784930511Z
h.trace.qq.com,162,2026-07-29T15:28:32.06908967Z,2026-08-05T04:29:15.091597835Z
abtest.todesk.com,160,2026-07-29T15:49:04.919143033Z,2026-08-05T09:09:33.77085693Z
api-access.pangolin-sdk-toutiao1.com,158,2026-07-29T22:08:03.545502806Z,2026-08-04T22:25:32.423905296Z
log0-misc-hl.amemv.com,158,2026-07-29T14:30:57.23710353Z,2026-08-04T16:46:56.694196854Z
idm.iot.mi.com,156,2026-07-30T14:33:26.290560845Z,2026-08-05T05:50:46.883461094Z
planconfig.openspeech.cn,152,2026-08-01T01:56:47.555726387Z,2026-08-05T08:54:02.149081334Z
unitelogreport.reader.qq.com,152,2026-07-30T07:11:17.978141519Z,2026-08-04T15:38:19.859861665Z
api.tw06.xlmc.sec.miui.com,151,2026-07-30T01:57:18.985781603Z,2026-08-05T05:50:47.233376914Z
tdid.m.qq.com,151,2026-07-29T15:27:46.863708909Z,2026-08-05T08:41:32.831001329Z
s.jpush.cn,145,2026-07-29T14:30:55.453408995Z,2026-08-05T08:44:40.698774806Z
pd.ads.cn.miaozhen.com,144,2026-07-29T14:25:38.661734552Z,2026-07-31T02:15:42.929182895Z
tools.3g.qq.com,144,2026-07-29T21:34:47.183371656Z,2026-08-05T03:59:15.440405635Z
adv.sec.miui.com,143,2026-07-29T15:33:45.467846572Z,2026-08-05T05:47:02.045675349Z
worldwide.sogou.com,143,2026-07-29T21:34:56.061892588Z,2026-08-05T07:52:32.847158389Z
static-s.iqiyi.com,142,2026-07-29T14:24:29.824548463Z,2026-08-04T13:09:27.284027703Z
www.google-analytics.com,140,2026-07-31T07:34:26.816152266Z,2026-08-04T14:58:01.327777073Z
sis.jpush.io,139,2026-07-29T14:30:55.314540808Z,2026-08-05T08:44:40.064682265Z
security.browser.miui.com,138,2026-08-01T01:54:19.963183432Z,2026-08-05T05:59:09.641108316Z
easytomessage.com,137,2026-07-29T14:30:55.590819813Z,2026-08-05T08:44:41.167730538Z
mum.alibabachengdun.net,134,2026-07-31T13:48:18.478554221Z,2026-08-05T07:14:57.268064754Z
ido.getui.net,132,2026-07-29T14:30:54.850608021Z,2026-08-05T03:59:25.368520174Z
masdkv6.3g.qq.com,132,2026-08-01T02:39:41.660805057Z,2026-08-05T08:41:32.947730856Z
tz.sec.xiaomi.com,131,2026-07-31T01:44:49.73918449Z,2026-08-05T08:28:52.436304673Z
public.gdtimg.com,130,2026-07-29T15:29:01.665038446Z,2026-08-05T08:41:32.567241686Z
diagnosis.ad.xiaomi.com,129,2026-08-01T04:52:23.595451232Z,2026-08-05T07:36:43.672700018Z
ads3-normal.zijieapi.com,128,2026-08-05T03:25:41.481576112Z,2026-08-05T04:58:56.068578364Z
api.g.micloud.xiaomi.net,125,2026-07-31T21:55:03.899785274Z,2026-08-05T08:20:47.191147994Z
api.xmpush.xiaomi.com,121,2026-07-29T14:44:37.762367736Z,2026-08-05T05:47:03.699335003Z
data.sec.miui.com,120,2026-07-29T15:00:46.686278486Z,2026-08-05T04:20:57.94292713Z
tpstelemetry.tencent.com,116,2026-07-29T15:27:50.966927607Z,2026-08-05T05:47:10.7824325Z
h-adashx.ut.uc.cn,114,2026-07-30T14:35:16.040398179Z,2026-07-31T16:20:57.753180581Z
analytics-api.smzdm.com,110,2026-07-30T15:25:44.377062017Z,2026-08-05T08:48:04.526754707Z
f-log-extension.grammarly.io,109,2026-08-03T11:26:29.629504103Z,2026-08-04T06:08:32.524640381Z
gnar.grammarly.com,107,2026-08-03T11:26:32.554247915Z,2026-08-04T06:08:32.536477803Z
tcbox.baidu.com,107,2026-08-03T05:06:11.091910605Z,2026-08-04T22:31:44.624156466Z
tobapplog.ctobsnssdk.com,107,2026-07-29T22:22:12.759602128Z,2026-08-04T22:34:40.712067915Z
www.okx.com,107,2026-07-30T03:18:29.068246608Z,2026-08-04T12:36:26.514887513Z
log.snssdk.com,106,2026-07-29T22:22:15.03607269Z,2026-08-04T22:33:19.993856264Z
sis-ipv6.jpush.cn,104,2026-07-29T14:30:55.67876853Z,2026-08-05T08:44:43.834361817Z
tangram-config.gdt.qq.com,102,2026-08-01T02:39:40.644584626Z,2026-08-05T08:41:32.567024498Z
api-sdk.clickwifi.net,100,2026-08-04T07:44:27.430613242Z,2026-08-04T16:03:32.516805053Z
flash.sec.miui.com,100,2026-07-30T12:49:08.176916213Z,2026-08-05T04:17:45.85933371Z
cc.map.qq.com,99,2026-07-29T15:29:19.415500939Z,2026-08-05T08:39:56.590355018Z
pigeon.umeng.com,98,2026-07-29T14:25:38.669032592Z,2026-07-29T21:15:39.558268258Z
api.installer.xiaomi.com,97,2026-07-29T15:16:18.446484327Z,2026-08-05T04:17:45.840557004Z
deff.nelreports.net,95,2026-08-02T02:15:32.195606101Z,2026-08-04T11:43:35.773836028Z
sd-gl.xycdn.com,95,2026-07-29T14:40:20.640507085Z,2026-08-02T09:28:42.236841946Z
talk.bz.getui.net,94,2026-07-30T08:25:47.010935715Z,2026-08-05T06:42:47.616942099Z
tnc3-alisc1.bytedance.com,94,2026-08-05T03:14:22.646669025Z,2026-08-05T05:41:32.331112305Z
jupiter.sys.miui.com,93,2026-07-30T02:23:55.075008096Z,2026-08-05T03:59:15.865478181Z
adash.man.aliyuncs.com,92,2026-08-02T10:40:24.541739235Z,2026-08-05T07:39:18.116794922Z
astrategy.beacon.qq.com,92,2026-07-29T15:27:45.807414886Z,2026-08-05T05:47:26.405035532Z
talk.bz.gepush.com,92,2026-07-30T08:25:47.013086084Z,2026-08-05T06:42:49.812546072Z
iadsdk.apple.com,90,2026-07-30T02:08:56.159674337Z,2026-08-04T18:45:44.582777752Z
monsetting.toutiao.com,90,2026-07-30T11:20:01.567612087Z,2026-08-05T05:44:14.539494975Z
talk.bz.getui.com,89,2026-07-30T08:25:47.007870711Z,2026-08-05T05:14:01.134118945Z
ttxyajs.data.kuiniuca.com,89,2026-07-29T14:31:15.688062465Z,2026-08-02T12:16:58.054328599Z
extension.femetrics.grammarly.io,87,2026-08-03T11:34:40.2508838Z,2026-08-04T03:32:19.999577825Z
ac.dun.163.com,86,2026-07-29T14:55:34.853418975Z,2026-08-04T10:25:05.790375737Z
ac.dun.163yun.com,86,2026-07-29T14:55:34.889849816Z,2026-08-04T10:25:07.943990882Z
ipv4.gdt.qq.com,86,2026-07-29T15:30:41.691161833Z,2026-08-05T07:29:55.520254136Z
s3.irs03.com,86,2026-08-02T10:43:35.552415699Z,2026-08-02T10:50:35.735278483Z
hub5pn.wap.sandai.net,85,2026-07-30T01:57:19.00856241Z,2026-08-05T05:11:48.692044462Z
hm.baidu.com,84,2026-07-30T03:32:14.395412976Z,2026-08-05T05:57:19.033996053Z
applog.uc.cn,81,2026-07-30T08:26:27.547328417Z,2026-08-05T06:44:05.681637871Z
canvas-cdn.gdt.qq.com,81,2026-07-29T15:30:41.485447033Z,2026-08-05T07:33:12.72206422Z
input.shouji.sogou.com,81,2026-07-29T15:07:42.052142103Z,2026-08-05T07:52:33.269190746Z
status-ipv6.jpush.cn,81,2026-07-29T14:31:01.512197872Z,2026-08-05T08:44:44.976401981Z
abtest.alibaba.com,80,2026-07-30T08:27:08.041279176Z,2026-08-05T07:00:55.610758716Z
sdkreport.e.qq.com,80,2026-07-30T03:53:13.348574722Z,2026-08-04T15:38:06.208195582Z
t-dsp.pinduoduo.com,80,2026-07-30T01:41:07.943491686Z,2026-08-02T10:56:43.117407766Z
a.fxltsbl.com,78,2026-07-30T13:42:11.547726365Z,2026-08-05T03:10:27.688726643Z
cnlogs.umeng.com,78,2026-07-30T03:53:09.898136561Z,2026-08-05T08:45:41.038833854Z
log5-applog.fqnovel.com,78,2026-08-05T03:13:41.255207238Z,2026-08-05T05:00:43.036589547Z
watson.events.data.microsoft.com,78,2026-07-29T20:01:17.669856324Z,2026-08-05T03:10:37.529944775Z
cf.iadsdk.apple.com,77,2026-07-30T02:08:50.003641358Z,2026-08-04T20:28:47.60956444Z
badjs.weixinbridge.com,76,2026-07-29T15:31:04.098528703Z,2026-08-05T07:33:15.158060713Z
resolver.mi.xiaomi.com,75,2026-07-30T21:48:13.555174848Z,2026-08-05T08:41:05.256084689Z
graph-next.fp.measure.office.com,74,2026-07-29T16:18:17.18245589Z,2026-08-04T02:42:50.484098883Z
adash-emas.cn-hangzhou.aliyuncs.com,70,2026-07-29T22:22:11.336518294Z,2026-08-05T04:17:45.87465485Z
aefd.nelreports.net,70,2026-07-30T14:57:19.908381841Z,2026-08-04T11:45:35.805930716Z
ilce.alicdn.com,70,2026-07-29T15:30:41.479063961Z,2026-08-05T07:33:12.724152504Z
frontier100-toutiao-lf.fqnovel.com,68,2026-08-05T05:03:42.363880068Z,2026-08-05T05:46:10.169376273Z
open.e.kuaishou.com,67,2026-07-29T22:22:13.209839266Z,2026-08-04T22:34:02.555949262Z
tnc3-bjlgy.snssdk.com,65,2026-08-03T02:49:53.99993183Z,2026-08-04T16:29:10.869237228Z
imp.ad.xelements.cn,64,2026-07-30T03:35:10.595113047Z,2026-07-31T02:15:42.929262277Z
mon.ad.xelements.cn,64,2026-07-30T03:35:10.623074933Z,2026-07-31T02:15:42.929206224Z
dlswbr.baidu.com,63,2026-08-02T02:52:10.426481558Z,2026-08-04T22:24:22.085206135Z
beacon-api.aliyuncs.com,62,2026-07-29T22:22:11.336450533Z,2026-08-05T08:28:51.256586666Z
tab.volces.com,62,2026-07-30T02:25:30.625238408Z,2026-08-05T08:39:16.336252347Z
wxsmw.wxs.qq.com,62,2026-07-29T15:30:41.909337089Z,2026-08-05T07:33:13.006763035Z
logupdate.avlyun.sec.miui.com,61,2026-07-30T01:42:36.213384931Z,2026-08-05T05:53:19.695514883Z
path.qidian.com,60,2026-07-30T07:11:26.429799791Z,2026-08-04T15:38:07.084017899Z
mtrace.ysp.cctv.cn,59,2026-08-01T13:17:44.769870905Z,2026-08-01T13:44:45.548648752Z
sb.scorecardresearch.com,59,2026-08-02T01:41:45.248853229Z,2026-08-04T11:41:41.475863619Z
hectorstatic.baidu.com,58,2026-07-30T15:32:56.633632963Z,2026-08-05T05:57:19.04928419Z
log3-applog.fqnovel.com,58,2026-08-05T03:51:40.471863308Z,2026-08-05T04:59:43.066201035Z
sdk.1rtb.net,57,2026-07-29T22:22:11.450734346Z,2026-08-04T22:25:09.042163671Z
api-access.pangolin-sdk-toutiao.com,56,2026-07-29T22:07:53.536664201Z,2026-08-04T22:25:20.246748883Z
api.kingdata.ksyun.com,56,2026-07-30T06:24:11.864594731Z,2026-08-05T08:28:51.304621572Z
miniapp.bilibili.com,55,2026-07-30T03:59:18.28090118Z,2026-08-04T15:21:39.997959197Z
thm.market.xiaomi.com,55,2026-07-30T02:23:55.047909089Z,2026-08-05T05:11:48.194671727Z
tnc3-bjlgy.zijieapi.com,55,2026-07-29T22:08:03.614519932Z,2026-08-04T22:25:20.265288606Z
wallet.okx.ac,55,2026-07-30T05:38:38.132366364Z,2026-08-04T03:32:42.222026385Z
wallet.okx.cab,55,2026-07-30T05:38:38.135729191Z,2026-08-04T03:32:42.292530898Z
wallet.okx.com,55,2026-07-30T05:38:38.124212228Z,2026-08-04T03:32:42.215557745Z
beacons.gvt2.com,54,2026-07-31T02:36:53.260774583Z,2026-08-05T04:08:33.972735639Z
clientservices.googleapis.com,54,2026-07-29T22:07:51.635243607Z,2026-08-05T08:41:02.716622196Z
auth.be.sec.miui.com,53,2026-08-02T06:42:22.728192657Z,2026-08-05T03:41:58.082046338Z
hot.browser.miui.com,53,2026-07-29T22:07:49.174785264Z,2026-08-05T06:48:19.113988385Z
tnc3-aliec2.zijieapi.com,53,2026-07-29T22:08:03.664537771Z,2026-08-04T22:25:20.286574804Z
tnc3-alisc1.zijieapi.com,53,2026-07-29T22:08:03.643666704Z,2026-08-04T22:25:20.275252884Z
api-access.pangolin-sdk-toutiao-b.com,51,2026-07-30T14:33:55.341544976Z,2026-07-31T16:20:58.331666488Z
mssdk.volces.com,51,2026-07-29T22:07:57.959735457Z,2026-08-04T22:25:15.519734798Z
ug.baidu.com,51,2026-08-03T05:00:09.919802628Z,2026-08-03T12:17:58.11785496Z
cc-api-data.adobe.io,50,2026-07-31T07:40:25.429254968Z,2026-08-04T10:44:19.548370329Z
time.video.ptqy.gitv.tv,50,2026-07-31T06:15:26.437696631Z,2026-08-04T16:16:32.600309694Z
wxsnsdythumb.wxs.qq.com,49,2026-08-01T04:54:48.093212519Z,2026-08-05T09:05:36.312658144Z
alivc-aio.cn-hangzhou.dualstack.log.aliyuncs.com,48,2026-07-30T08:27:19.555890648Z,2026-08-05T08:41:13.395727876Z
c.bing.com,48,2026-08-02T01:41:45.568331846Z,2026-08-04T11:41:42.145204305Z
r.browser.miui.com,48,2026-08-01T01:54:20.25423541Z,2026-08-05T06:48:35.556118642Z
sentry.d.mi.com,48,2026-07-30T16:40:57.696664809Z,2026-08-05T05:45:43.129114741Z
web3.cngwaoyire.net,48,2026-08-03T11:36:34.823956715Z,2026-08-04T03:32:42.310015339Z
api.hybrid.xiaomi.com,47,2026-07-29T21:34:49.885169666Z,2026-08-04T22:50:29.903712793Z
adsmind.ugdtimg.com,46,2026-07-29T22:22:17.071357518Z,2026-08-04T22:31:37.466216747Z
api.yunxish.com,46,2026-07-30T14:33:40.165038238Z,2026-08-04T22:24:24.952634078Z
data.mistat.xiaomi.com,46,2026-08-02T10:40:23.288268471Z,2026-08-05T04:17:46.443301746Z
wtradv.market.xiaomi.com,45,2026-07-30T22:14:40.329458481Z,2026-08-04T22:10:00.405292624Z
px.effirst.com,44,2026-07-29T16:40:20.519836404Z,2026-08-05T03:11:26.943672507Z
videocloud.cn-hangzhou.dualstack.log.aliyuncs.com,44,2026-07-30T08:27:19.565585908Z,2026-08-05T07:00:24.138017835Z
sdk.open.talk.gepush.com,43,2026-07-29T22:22:15.320855181Z,2026-08-05T07:18:13.649248979Z
qzs.gdtimg.com,42,2026-07-29T22:22:17.08267519Z,2026-08-04T22:31:37.472805121Z
upc.zztfly.com,42,2026-07-30T02:25:30.561488598Z,2026-08-05T07:41:27.912590106Z
update.avlyun.sec.miui.com,42,2026-07-30T12:49:08.187659234Z,2026-08-04T23:26:35.074588381Z
hpd.baidu.com,41,2026-08-03T05:00:09.87873359Z,2026-08-03T08:33:16.466594016Z
pgdt.ugdtimg.com,41,2026-07-29T22:22:17.065346455Z,2026-08-04T22:31:37.459987321Z
browser.events.data.microsoft.com,40,2026-08-04T10:43:52.686929855Z,2026-08-04T11:09:17.616867833Z
mobads.baidu.com,40,2026-07-29T22:22:12.298806951Z,2026-08-03T12:18:47.395449959Z
openjmacs4uc.m.taobao.com,40,2026-07-30T14:34:00.203854713Z,2026-07-31T14:57:18.680665313Z
resolve.umeng.com,40,2026-07-30T03:53:10.070081353Z,2026-08-05T08:44:41.197545677Z
saveu5-normal-lq.zijieapi.com,40,2026-07-31T01:24:52.579399262Z,2026-08-04T15:54:41.36030725Z
c3.gdt.qq.com,39,2026-07-29T22:22:17.049641912Z,2026-08-04T22:31:37.439793017Z
gaode-jmacs.m.taobao.com,39,2026-07-29T15:24:23.319025713Z,2026-08-04T22:38:57.992614036Z
open.e.kuaishou.cn,39,2026-07-29T22:24:13.14684097Z,2026-08-04T22:32:02.35538423Z
v2mi.gdt.qq.com,39,2026-07-29T22:22:17.035530375Z,2026-08-04T22:31:37.240832221Z
v3.gdt.qq.com,39,2026-07-29T22:22:17.058594366Z,2026-08-04T22:31:37.452335887Z
cnlogs.umengcloud.com,38,2026-07-30T03:53:10.193214975Z,2026-08-05T08:44:41.505538753Z
dualstack-logs.amap.com,38,2026-07-29T15:50:52.787460276Z,2026-08-05T07:14:52.071404945Z
g.cn.miaozhen.com,38,2026-07-30T02:33:36.9011316Z,2026-08-04T23:51:48.441994623Z
logrcv.yunxish.com,38,2026-07-30T14:33:40.173450205Z,2026-08-04T22:24:16.016373884Z
www.qchannel01.cn,38,2026-07-29T15:25:04.411543362Z,2026-08-04T22:38:51.483816055Z
h-adashx4bc.ut.taobao.com,37,2026-07-31T04:44:51.808158741Z,2026-08-05T08:48:06.92834397Z
oth.str.mdt.qq.com,37,2026-07-29T22:23:12.71939229Z,2026-08-04T21:21:04.854882062Z
px.ads.linkedin.com,37,2026-08-04T10:44:08.403931864Z,2026-08-04T11:35:23.883186452Z
ads3-normal-lf.zijieapi.com,36,2026-08-05T05:01:55.207297641Z,2026-08-05T05:46:54.940010425Z
log.voicecloud.cn,36,2026-08-01T03:23:04.81395533Z,2026-08-04T22:17:20.35551016Z
mi.gdt.qq.com,36,2026-07-30T14:33:43.230566302Z,2026-08-04T22:25:21.304382129Z
sdk.open.talk.getui.net,36,2026-07-29T22:22:15.323554379Z,2026-08-05T07:41:25.793265142Z
xlog.jd.com,36,2026-07-30T14:33:40.233918278Z,2026-07-31T16:20:58.386882913Z
sofire.baidu.com,35,2026-08-02T02:52:11.798268092Z,2026-08-04T22:34:28.215694873Z
amdc.m.taobao.com,34,2026-07-30T08:25:17.885341157Z,2026-08-05T07:14:58.419457122Z
appcfg.v.qq.com,34,2026-07-29T15:29:10.67198846Z,2026-08-05T07:34:23.860987434Z
line1-log.biligame.net,32,2026-07-30T05:45:54.049012929Z,2026-08-04T15:24:53.364791069Z
p2p-punch-v6.xxpkg.com,32,2026-07-29T14:56:38.275189084Z,2026-08-02T13:11:37.374658823Z
ca.iadsdk.apple.com,31,2026-08-03T15:12:41.185492501Z,2026-08-04T18:45:44.895354438Z
adashbc.ut.taobao.com,30,2026-08-02T10:42:44.673704165Z,2026-08-04T23:27:40.782156375Z
btrace.ysp.cctv.cn,30,2026-08-01T13:17:44.930771364Z,2026-08-01T13:41:47.541209159Z
et.tanx.com,30,2026-07-30T14:33:43.270654681Z,2026-07-31T14:39:46.554572686Z
gdloc.qchannel03.cn,30,2026-07-29T15:25:04.308739536Z,2026-08-04T22:38:51.290854342Z
gdloc2.qchannel03.cn,30,2026-07-29T15:25:04.353741343Z,2026-08-04T22:38:51.454946611Z
hd.browser.miui.com,30,2026-08-01T01:54:21.245650452Z,2026-08-05T06:48:19.40948118Z
mon11-misc.fqnovel.com,30,2026-08-05T03:14:31.920188215Z,2026-08-05T04:54:43.192371087Z
sdk.open.talk.getui.com,30,2026-07-29T22:22:15.321333576Z,2026-08-05T07:41:27.157790864Z
vod-newplayer.cn-hangzhou.log.aliyuncs.com,30,2026-07-30T08:27:19.602705555Z,2026-08-05T07:00:24.1373667Z
httpdns.bcelive.com,29,2026-07-30T14:33:44.777603342Z,2026-08-04T22:34:37.404189641Z
miav-cse.avlyun.com,29,2026-07-30T01:42:36.252897576Z,2026-08-05T05:52:02.596740185Z
natdetection.onethingpcs.com,29,2026-07-29T22:07:53.217235947Z,2026-08-04T15:54:46.988631116Z
port.sec.miui.com,29,2026-07-30T02:23:55.04462163Z,2026-08-04T12:49:27.195200756Z
sdkoptedge.chinanetcenter.com,29,2026-07-30T14:33:44.771122196Z,2026-08-04T22:34:37.402699027Z
c-gtc.gepush.com,28,2026-07-29T22:22:14.332350116Z,2026-08-04T03:58:42.012649356Z
isvip0xyajs-data.xycdn.com,28,2026-08-03T02:17:57.799898562Z,2026-08-03T02:34:11.762976746Z
klink.volceapplog.com,28,2026-08-03T12:18:30.888534307Z,2026-08-03T12:52:42.523650833Z
opehs.tanx.com,28,2026-07-30T14:33:42.946485772Z,2026-07-31T16:20:58.257860257Z
placehold.co,28,2026-08-03T05:02:24.913878669Z,2026-08-03T05:02:46.289306784Z
sentry-monitor-new.zdmimg.com,28,2026-07-30T15:26:02.456497864Z,2026-08-05T08:47:07.886553505Z
t3.a.market.xiaomi.com,28,2026-08-01T02:50:45.985807934Z,2026-08-04T14:01:25.258590024Z
www.pangolin-dsp-toutiao.com,28,2026-08-03T02:48:20.712668861Z,2026-08-05T03:35:45.805867205Z
huichuan.sm.cn,27,2026-07-30T14:33:40.019419089Z,2026-08-03T02:54:53.753755519Z
v2.gdt.qq.com,27,2026-07-30T22:31:38.475772746Z,2026-08-05T03:35:45.816330756Z
amdcopen.m.umeng.com,26,2026-07-30T03:53:14.570989144Z,2026-08-05T08:44:43.747464542Z
e.tapdb.net,26,2026-08-03T03:07:32.779467425Z,2026-08-03T03:12:16.750615592Z
hmma.baidu.com,26,2026-07-30T22:34:43.276411963Z,2026-08-04T22:24:18.756223604Z
log5-misc-hl.amemv.com,26,2026-07-29T15:40:10.089617096Z,2026-08-04T06:20:11.310014401Z
miaowu.baidu.com,26,2026-08-03T05:06:24.988030016Z,2026-08-03T05:06:27.317661088Z
findapi.micloud.xiaomi.net,25,2026-07-30T01:36:13.178507783Z,2026-08-04T10:24:59.060849674Z
janapi.jd.com,25,2026-07-30T14:33:40.107533324Z,2026-07-31T16:20:55.523285536Z
adashx.m.taobao.com,24,2026-07-30T08:25:17.883588091Z,2026-08-04T15:13:21.583488262Z
adashx.ut.uc.cn,24,2026-07-30T14:33:45.708334953Z,2026-07-31T13:49:05.243106853Z
afdconf.baidu.com,24,2026-07-29T22:07:49.868314937Z,2026-08-04T22:31:38.458659609Z
api.developer.xiaomi.com,24,2026-07-30T09:04:07.57622768Z,2026-08-04T15:52:28.603593931Z
c-gtc.getui.net,24,2026-07-29T22:22:15.282067583Z,2026-08-04T15:44:37.846116536Z
cfg.imtt.qq.com,24,2026-07-29T15:28:01.385864563Z,2026-08-05T04:21:27.449093124Z
firebase-settings.crashlytics.com,24,2026-07-31T00:33:20.99547502Z,2026-08-04T17:30:18.010152054Z
mssdk.zijieapi.com,24,2026-08-02T10:40:42.059456966Z,2026-08-05T03:24:17.537597117Z
mssdk3-normal-hj.zijieapi.com,24,2026-07-29T14:30:57.237043463Z,2026-08-03T16:40:01.757904491Z
tnc3-aliec2.snssdk.com,24,2026-08-03T02:49:54.051262071Z,2026-08-04T02:50:01.452143119Z
tnc3-alisc1.snssdk.com,24,2026-08-03T02:49:54.030801162Z,2026-08-04T02:50:01.439454896Z
als.baidu.com,23,2026-08-03T02:49:02.730656454Z,2026-08-05T03:35:45.838819277Z
analytics.oceanengine.com,22,2026-08-04T02:21:13.63303495Z,2026-08-05T07:28:41.782783859Z
b-gtc.getui.net,22,2026-07-29T22:22:24.278070621Z,2026-08-05T03:59:16.675881983Z
c-hzgt2.getui.com,22,2026-07-29T22:22:18.288883704Z,2026-08-05T03:59:40.671286938Z
log-sdk.clickwifi.net,22,2026-07-29T14:51:13.755744819Z,2026-08-05T03:59:19.152364979Z
log2.cmpassport.com,22,2026-08-01T10:48:32.903835494Z,2026-08-04T02:43:08.889224687Z
pgdt.gtimg.cn,22,2026-07-30T03:53:13.423965351Z,2026-08-03T07:47:17.657856028Z
static.cloudflareinsights.com,22,2026-08-03T05:00:17.194872134Z,2026-08-03T05:01:54.847404305Z
vuqenkmvqnpkgvnkqqunnbqq.jspcdn.cn,22,2026-07-31T15:54:32.163902936Z,2026-08-04T16:26:29.891786697Z
zhanzhang.toutiao.com,22,2026-08-03T05:05:36.082029043Z,2026-08-03T05:06:22.106772428Z
crashlyticsreports-pa.googleapis.com,21,2026-07-31T06:10:19.281660593Z,2026-08-04T17:30:18.286701231Z
dsp-x.jd.com,21,2026-07-30T14:33:40.417286898Z,2026-07-31T16:20:58.202486506Z
target.microsoft.com,21,2026-08-04T10:43:44.897910257Z,2026-08-04T10:48:48.933667269Z
acs-mum.alibabachengdun.com,20,2026-08-02T03:54:14.598768906Z,2026-08-05T08:59:18.530177621Z
aegis.qq.com,20,2026-07-29T15:28:31.853381113Z,2026-08-04T03:24:14.255407432Z
b-gtc.gepush.com,20,2026-07-29T22:22:24.302750852Z,2026-08-05T03:59:16.898702982Z
c-ido.getui.net,20,2026-07-29T22:22:15.446669903Z,2026-08-04T03:58:44.884949071Z
dorangesource.alicdn.com,20,2026-07-30T08:25:20.967151269Z,2026-08-05T05:13:48.586139454Z
gdfp.gifshow.com,20,2026-07-29T14:56:22.029877065Z,2026-08-02T12:57:15.007513296Z
polaris5-normal-lq.zijieapi.com,20,2026-07-29T15:40:07.636466037Z,2026-08-03T14:30:43.958441325Z
srtb.msn.cn,20,2026-08-04T10:50:32.113372696Z,2026-08-04T11:41:41.426372787Z
ha.browser.miui.com,19,2026-07-29T22:07:49.216655582Z,2026-08-04T22:06:18.244644957Z
mazu.3g.qq.com,19,2026-08-02T11:20:04.194516253Z,2026-08-05T04:18:07.058851254Z
partner.uc.cn,19,2026-07-30T14:33:39.473545867Z,2026-07-31T16:20:57.967181866Z
sf6-fe-tos.pglstatp-toutiao.com,19,2026-07-29T22:07:53.675238646Z,2026-08-04T22:25:10.29225334Z
abtest-ch.snssdk.com,18,2026-07-29T22:22:18.998889765Z,2026-08-04T22:25:16.451567037Z
analytics.95516.com,18,2026-07-31T03:13:56.285794047Z,2026-08-04T15:44:56.695257028Z
api-ipv4.browser.miui.com,18,2026-08-01T01:54:20.238821898Z,2026-08-05T05:57:17.906152751Z
applog-perf.uc.cn,18,2026-07-30T14:33:42.468904447Z,2026-07-31T14:37:53.489980482Z
aspect-upush.umeng.com,18,2026-07-30T15:25:44.431092275Z,2026-08-05T08:48:04.896578885Z
bes-mtj.baidu.com,18,2026-07-30T22:35:48.985668524Z,2026-08-03T12:54:18.52462098Z
ce3e75d5-ipv6.jpush.cn,18,2026-07-30T16:33:55.501234184Z,2026-08-04T15:44:52.882718514Z
ce3e75d5.jpush.cn,18,2026-07-30T16:33:55.454561785Z,2026-08-04T15:44:52.623439419Z
config2.cmpassport.com,18,2026-08-01T10:48:32.904077819Z,2026-08-04T02:43:08.890517029Z
gdfpsec.gifshow.com,18,2026-07-29T14:56:26.728429371Z,2026-08-02T12:50:41.798599269Z
img.ssl.msdk.qq.com,18,2026-08-03T09:16:01.142029985Z,2026-08-03T09:46:14.127521318Z
openapi.vip.ptqy.gitv.tv,18,2026-07-30T04:03:42.45939608Z,2026-08-03T12:26:30.783579045Z
t2.fancyapi.com,18,2026-07-31T13:48:14.068747666Z,2026-07-31T16:20:57.361250442Z
th.pinduoduo.com,18,2026-07-31T02:22:06.825046771Z,2026-08-05T08:59:26.51438061Z
umengacs.m.taobao.com,18,2026-07-30T03:53:10.113148299Z,2026-08-05T08:39:41.897435628Z
vv.video.qq.com,18,2026-08-03T04:12:36.363950224Z,2026-08-03T04:30:14.051881836Z
techain.baidu.com,17,2026-08-04T02:50:29.781961728Z,2026-08-04T10:55:48.118330878Z
access1.tpns.tencent.com,16,2026-08-01T13:17:45.076073912Z,2026-08-01T13:41:42.817510316Z
adx-data-u1.ubixioe.com,16,2026-08-04T22:24:29.327989019Z,2026-08-04T22:33:06.591483859Z
c-ido.gepush.com,16,2026-07-29T22:22:14.91589013Z,2026-08-02T06:00:32.544727676Z
config-ipv6.jpush.cn,16,2026-07-30T16:33:55.504622456Z,2026-08-04T15:28:47.286281Z
config.jpush.cn,16,2026-07-30T16:33:55.448139222Z,2026-08-04T15:28:45.510151499Z
datk.statisticslinks.com,16,2026-07-29T22:22:11.910295758Z,2026-08-04T22:24:24.136477671Z
guid.tpns.tencent.com,16,2026-08-01T13:17:44.994619366Z,2026-08-01T13:41:42.790168293Z
log.qvb.qcloud.com,16,2026-08-02T03:03:51.999339237Z,2026-08-03T02:29:27.766762185Z
mi.beha.ksmobile.com,16,2026-07-30T13:52:24.299933788Z,2026-08-04T14:31:04.907253148Z
pro.bugly.qq.com,16,2026-07-29T22:22:11.321138657Z,2026-08-04T02:57:45.868598079Z
push.gifshow.com,16,2026-07-29T14:56:19.491720825Z,2026-08-02T13:09:33.375823319Z
sf3-fe-tos.pglstatp-toutiao.com,16,2026-07-30T03:53:13.345514391Z,2026-08-04T22:25:11.93463436Z
tangram.e.qq.com,16,2026-07-29T15:29:03.487549525Z,2026-08-04T15:28:45.35776405Z
timon.zijieapi.com,16,2026-08-03T02:50:45.343025339Z,2026-08-05T03:14:26.117224757Z
tmfsdk.m.qq.com,16,2026-07-30T20:51:54.09314617Z,2026-08-03T20:50:58.07051648Z
ulogjs.ksapisrv.com,16,2026-07-29T14:56:18.226851578Z,2026-08-02T13:04:09.247610798Z
ext.baidu.com,15,2026-07-30T15:33:27.472283317Z,2026-08-05T05:57:19.319979834Z
ks.pull.yximgs.com,15,2026-07-30T14:33:44.75999495Z,2026-08-04T22:34:42.302457015Z
sp3.baidu.com,15,2026-08-03T08:32:42.55228651Z,2026-08-03T08:37:43.400687541Z
tx-kmpaudio.pull.yximgs.com,15,2026-07-30T14:33:45.800016293Z,2026-08-04T22:34:37.896738832Z
wn.pos.baidu.com,15,2026-08-03T02:49:02.706886006Z,2026-08-05T03:35:45.827599202Z
b.qchannel03.cn,14,2026-07-29T15:24:12.963125643Z,2026-08-04T22:34:58.097160777Z
bdimg.share.baidu.com,14,2026-08-03T05:05:30.829296536Z,2026-08-03T05:05:36.189256784Z
click.lenovo.com,14,2026-08-04T11:41:59.880577094Z,2026-08-04T11:42:38.939450088Z
df.tanx.com,14,2026-08-01T05:57:39.099702175Z,2026-08-05T07:01:40.543465116Z
dreport.meituan.net,14,2026-08-04T02:25:23.281529372Z,2026-08-04T02:45:35.658771065Z
gdfpsec.ksapisrv.com,14,2026-07-29T14:56:18.193039713Z,2026-08-02T12:50:08.280708771Z
mdap.alipay.com,14,2026-08-02T03:54:15.554391002Z,2026-08-04T22:16:12.746499121Z
metrics1.data.hicloud.com,14,2026-08-05T03:59:41.966809625Z,2026-08-05T07:27:55.566403852Z
mon11-misc-lf.fqnovel.com,14,2026-08-05T05:00:50.409732105Z,2026-08-05T05:44:09.164688864Z
qqdata.ab.qq.com,14,2026-07-29T15:27:46.048794496Z,2026-08-04T15:50:50.864608156Z
sentry.io,14,2026-07-31T07:33:48.30569133Z,2026-08-04T15:06:13.910356459Z
sfp.safe.baidu.com,14,2026-08-03T05:06:12.462461479Z,2026-08-03T05:06:12.474574201Z
utoken.umeng.com,14,2026-07-30T03:53:13.669490434Z,2026-08-05T08:39:42.610744879Z
val.atm.youku.com,14,2026-07-30T08:27:08.042464055Z,2026-08-04T15:11:28.643292116Z
win.gdt.qq.com,14,2026-07-29T22:22:13.459462147Z,2026-07-31T13:48:04.722764175Z
www.clarity.ms,14,2026-08-04T10:43:50.859759727Z,2026-08-04T10:48:47.20045314Z
zmn-user-behavior.cn-beijing.log.aliyuncs.com,14,2026-08-04T02:21:24.063657434Z,2026-08-04T02:22:53.952446022Z
android.rqd.qq.com,13,2026-07-31T16:20:56.140877217Z,2026-08-04T21:21:34.92144894Z
crl.microsoft.com,13,2026-08-04T10:43:39.330063814Z,2026-08-04T10:52:05.894576468Z
web3.okx.com,13,2026-08-03T11:26:32.657364261Z,2026-08-04T03:32:41.211079004Z
abtest-tx-beijing-01.saas.sensorsdata.cn,12,2026-07-29T22:22:11.321357572Z,2026-07-30T22:35:48.850913522Z
adtrack.e.kuaishou.com,12,2026-08-03T02:48:20.744348077Z,2026-08-03T12:34:09.868624013Z
c1.microsoft.com,12,2026-08-04T10:44:15.136139925Z,2026-08-04T10:49:08.029217155Z
dm.wo.com.cn,12,2026-07-30T01:39:09.796278492Z,2026-08-01T13:20:27.498949709Z
errnewlog.umeng.com,12,2026-08-01T04:58:19.887906564Z,2026-08-05T08:39:47.027592694Z
gromore.pangolin-sdk-toutiao.com,12,2026-08-03T02:48:45.977979559Z,2026-08-04T22:32:40.407865864Z
hub5pnc.sandai.net,12,2026-08-01T01:54:07.154591657Z,2026-08-05T03:13:21.935895655Z
imeclient.openspeech.cn,12,2026-08-02T23:09:15.322612521Z,2026-08-05T06:01:52.384215362Z
log-auth.zztfly.com,12,2026-07-30T02:25:30.42100928Z,2026-08-02T08:58:30.134618814Z
log.tbs.qq.com,12,2026-07-29T15:28:13.642137753Z,2026-08-03T09:16:01.794950973Z
maplocatesdksnapshot.dreport.meituan.net,12,2026-08-02T14:50:17.908946776Z,2026-08-04T02:32:38.050758332Z
mobads-logs.baidu.com,12,2026-07-29T22:22:27.049529755Z,2026-08-03T12:18:57.467347527Z
o33249.ingest.us.sentry.io,12,2026-08-02T14:29:24.221235035Z,2026-08-04T06:08:35.454441432Z
promotion-partner.kuaishou.com,12,2026-08-03T02:48:20.757214817Z,2026-08-03T12:34:09.878789837Z
sdk.open.phone.igexin.com,12,2026-07-30T08:25:47.48893271Z,2026-08-04T15:44:38.457224807Z
smartop-sdkapi-ipv6.jiguang.cn,12,2026-07-31T01:18:36.632195033Z,2026-08-04T15:38:09.474121234Z
smartop-sdkapi.jiguang.cn,12,2026-07-31T01:18:36.606464454Z,2026-08-04T15:38:09.328873915Z
t5.a.market.xiaomi.com,12,2026-07-30T05:23:50.562555725Z,2026-08-05T05:57:28.703856199Z
wgo.mmstat.com,12,2026-07-30T14:33:44.160527952Z,2026-08-04T02:41:17.263846578Z
bat.bing.com,11,2026-08-04T10:44:06.748773415Z,2026-08-04T10:48:47.201956271Z
jihbgqhbqdhbeq.jspcdn.cn,11,2026-08-02T15:14:13.20953252Z,2026-08-05T04:38:05.841346209Z
ms.bdimg.com,11,2026-07-30T15:32:31.956680846Z,2026-08-03T12:17:42.160151251Z
_apns._tcp.jpush.cn,10,2026-07-30T04:03:49.940717984Z,2026-08-05T07:38:36.372906756Z
adsmind.gdtimg.com,10,2026-07-30T03:53:13.423908141Z,2026-08-03T06:49:30.022885856Z
adx-strategy-api-cn.statisticslinks.com,10,2026-07-29T22:22:11.916483126Z,2026-08-04T22:24:16.02810342Z
api.transfer.sec.miui.com,10,2026-08-02T10:40:37.825131419Z,2026-08-05T04:17:45.837293681Z
audid.umeng.com,10,2026-07-30T03:53:13.336095471Z,2026-08-05T08:39:44.965903277Z
bdloc.qchannel03.cn,10,2026-08-04T22:24:16.019658517Z,2026-08-04T22:34:57.855621077Z
bjuser-ipv6.jpush.cn,10,2026-07-30T07:11:19.735982856Z,2026-08-04T15:28:50.044188699Z
bjuser.jpush.cn,10,2026-07-30T07:11:17.891252536Z,2026-08-04T15:28:48.856507309Z
bkjhvughbiqhbiv.jspcdn.cn,10,2026-08-01T14:41:30.105829282Z,2026-08-04T16:24:33.749247603Z
cpro.baidustatic.com,10,2026-07-29T22:22:11.885506784Z,2026-08-03T12:18:32.226426535Z
dm-hl.toutiao.com,10,2026-07-29T22:22:15.066966589Z,2026-08-04T22:25:12.894900842Z
dm.bytedance.com,10,2026-07-29T22:22:15.026228068Z,2026-08-04T22:25:12.871003983Z
dm.toutiao.com,10,2026-07-29T22:22:14.952888789Z,2026-08-04T22:25:12.847350287Z
ef-dongfeng.tanx.com,10,2026-08-01T09:21:55.408796194Z,2026-08-04T10:32:15.646297264Z
fp-upload.dun.163.com,10,2026-08-01T04:51:51.705893133Z,2026-08-04T10:25:07.793046183Z
httpdns.music.163.com,10,2026-07-30T22:33:11.045112078Z,2026-08-04T10:25:07.069463021Z
logs.amap.com,10,2026-08-01T06:10:04.57596412Z,2026-08-04T22:35:02.578455599Z
mars.jd.com,10,2026-08-02T04:13:34.374980089Z,2026-08-02T04:14:26.774174849Z
o311478.ingest.sentry.io,10,2026-07-31T07:33:51.459217237Z,2026-08-04T10:36:29.032762696Z
open.kuaishouzt.com,10,2026-07-30T07:11:17.659192888Z,2026-08-04T22:25:12.510569124Z
p2-ad.adkwai.com,10,2026-08-02T12:49:37.50427732Z,2026-08-02T13:07:37.585099863Z
p4-ad.adkwai.com,10,2026-08-02T12:49:37.52395431Z,2026-08-02T13:07:37.614577671Z
p5-ad.adkwai.com,10,2026-08-02T12:49:37.40304894Z,2026-08-02T13:07:37.575239554Z
s.bdstatic.com,10,2026-07-30T15:32:15.062965206Z,2026-08-05T05:57:19.0115889Z
sjarvis.taobao.com,10,2026-07-30T08:27:11.152722505Z,2026-08-04T15:11:32.015853616Z
stat.youpin.mi.com,10,2026-07-31T03:13:40.943936825Z,2026-08-04T15:44:36.309411216Z
static.ads-twitter.com,10,2026-08-04T10:44:06.742653257Z,2026-08-04T10:48:47.198726286Z
static.ptqy.gitv.tv,10,2026-07-31T06:15:25.56492118Z,2026-08-04T06:26:00.08717353Z
t4.a.market.xiaomi.com,10,2026-08-03T02:48:26.891594112Z,2026-08-05T05:57:28.703984255Z
usr-api.yunxish.com,10,2026-07-30T14:33:40.815778372Z,2026-08-04T22:24:16.030738593Z
vuqenkdvknpvttndnnbqq.jspcdn.cn,10,2026-08-02T06:51:22.366712861Z,2026-08-04T16:27:38.966676465Z
xs.gdt.qq.com,10,2026-07-30T03:53:13.260338018Z,2026-08-04T15:28:47.360771085Z
file-s1.browser.miui.com,9,2026-07-29T22:08:19.545800723Z,2026-08-04T22:06:18.533283639Z
netapm.music.163.com,9,2026-07-30T22:33:10.55347763Z,2026-08-04T10:25:06.802672035Z
sdk.open.talk.igexin.com,9,2026-08-04T02:21:14.468948097Z,2026-08-04T02:22:55.872394172Z
t1.market.xiaomi.com,9,2026-07-31T13:45:25.543902189Z,2026-08-05T05:11:51.502779171Z
zmn-ls.cn-beijing.log.aliyuncs.com,9,2026-08-04T02:21:24.396048432Z,2026-08-04T02:22:53.917992515Z
ads5-normal.zijieapi.com,8,2026-08-05T03:13:41.255140468Z,2026-08-05T04:48:34.901691338Z
apd-pcdnvodstat.teg.tencent-cloud.net,8,2026-08-03T09:14:11.920864231Z,2026-08-03T09:42:49.556512151Z
apikey.map.qq.com,8,2026-08-01T09:34:38.882520206Z,2026-08-04T22:15:56.960959218Z
baichuan-sdk.alicdn.com,8,2026-08-01T04:58:17.118845806Z,2026-08-05T08:39:44.051524929Z
cdn.yunxish.com,8,2026-07-30T14:33:40.190465959Z,2026-08-04T22:24:24.95437362Z
cpc-service-square.yunxish.com,8,2026-07-30T14:33:40.187204713Z,2026-08-04T22:24:24.953604521Z
dgstatic.jd.com,8,2026-08-01T04:58:16.228321819Z,2026-08-05T08:39:43.145036883Z
dvzqy5paqc7a3.v1d.pkoplink.com,8,2026-08-04T22:07:38.367925591Z,2026-08-04T23:21:59.910207942Z
fclick.baidu.com,8,2026-08-03T08:33:15.939337226Z,2026-08-05T05:57:19.79892319Z
feedback-c.zijieapi.com,8,2026-08-05T03:14:26.133860303Z,2026-08-05T03:18:27.740602044Z
g.fancyapi.com,8,2026-07-31T13:48:14.067442693Z,2026-07-31T16:20:58.349696141Z
gecko5-lf.zijieapi.com,8,2026-08-05T05:14:19.846681118Z,2026-08-05T05:44:20.113360235Z
log3-misc-hl.amemv.com,8,2026-08-02T10:40:33.20124478Z,2026-08-02T10:44:16.864628169Z
msg.umengcloud.com,8,2026-08-01T04:58:18.042535077Z,2026-08-05T08:39:43.644931876Z
pc-mon.snssdk.com,8,2026-07-29T22:22:27.396073572Z,2026-07-30T22:34:36.237877054Z
qsb.browser.miui.com,8,2026-08-01T01:54:31.08232697Z,2026-08-04T04:26:02.013048714Z
rpt.gdt.qq.com,8,2026-07-29T22:22:13.227289652Z,2026-07-31T16:20:58.415263972Z
sd-glks.comfylink.com,8,2026-07-29T14:56:52.760630642Z,2026-08-02T13:08:56.174702025Z
sdk-ab-config-cdn.yunxish.com,8,2026-07-30T14:33:40.186530841Z,2026-08-04T22:24:24.953610606Z
sentry.d.xiaomi.net,8,2026-08-03T03:04:51.631042525Z,2026-08-05T06:48:25.538397508Z
sentry.music.163.com,8,2026-07-31T14:11:26.102292768Z,2026-08-01T11:03:46.171480195Z
stun.voiparound.com,8,2026-08-01T10:51:40.828756612Z,2026-08-01T12:23:04.514732629Z
sug.browser.miui.com,8,2026-08-03T12:17:40.802865583Z,2026-08-05T05:59:10.719675553Z
t2.a.market.xiaomi.com,8,2026-08-04T02:20:45.358989406Z,2026-08-05T05:57:28.704224737Z
track.lc.quark.cn,8,2026-07-31T04:43:14.446258537Z,2026-08-01T23:44:18.768897153Z
ulogjs.gifshow.com,8,2026-07-29T14:56:26.302046881Z,2026-07-29T14:57:58.906378967Z
ulogs.umeng.com,8,2026-07-29T21:49:06.6158664Z,2026-08-04T21:49:06.404415766Z
ulogs.umengcloud.com,8,2026-07-29T21:49:06.642744859Z,2026-08-04T21:49:06.431054433Z
v6-api-fd.dutils.com,8,2026-07-30T15:01:17.182291715Z,2026-07-30T17:50:53.722223375Z
woodpecker.uc.cn,8,2026-07-31T07:43:00.688026663Z,2026-08-04T15:12:58.542479921Z
xiaomi-dtv.m.cn.miaozhen.com,8,2026-08-02T21:49:05.177562692Z,2026-08-02T22:30:44.544632458Z
xiaomi-mipdx.cn.miaozhen.com,8,2026-08-02T21:49:05.192070692Z,2026-08-02T22:30:44.563477815Z
yun-hl.3g.qq.com,8,2026-07-29T15:27:57.977464229Z,2026-08-03T04:12:37.831025174Z
abtest.openspeech.cn,7,2026-08-01T10:11:13.304797552Z,2026-08-04T22:05:09.959837238Z
analytics.cherry-ai.com,7,2026-07-30T05:20:31.647454609Z,2026-07-30T20:07:45.691488542Z
api.company-target.com,7,2026-08-04T10:44:07.163667537Z,2026-08-04T10:48:46.917667546Z
device-metrics-us.amazon.com,7,2026-07-30T12:35:02.792578325Z,2026-08-04T12:35:06.171544875Z
huichuan-mc.sm.cn,7,2026-07-30T14:33:40.517325999Z,2026-07-31T16:20:55.24710929Z
image-ad.sm.cn,7,2026-07-30T14:33:40.510331851Z,2026-07-31T16:20:55.18065196Z
todesk-log-upload.todesk.com,7,2026-07-30T05:20:31.53509913Z,2026-08-04T10:36:56.848355447Z
wmedia-track.uc.cn,7,2026-07-30T22:30:11.588777205Z,2026-07-31T13:48:05.46643778Z
abtest3-misc-lf.zijieapi.com,6,2026-08-05T05:10:16.503355628Z,2026-08-05T05:14:21.355582317Z
accscdn.m.taobao.com,6,2026-08-01T05:40:30.775204184Z,2026-08-05T06:42:55.695748462Z
ad.xhey.top,6,2026-07-29T22:22:11.840615911Z,2026-07-30T22:34:42.999555641Z
adashx.ut.amap.com,6,2026-07-29T15:24:18.001525587Z,2026-08-04T22:16:11.187016073Z
amap-aos-info-nogw.amap.com,6,2026-07-29T15:24:12.81070247Z,2026-08-04T22:16:01.311253617Z
analytics-api-01.smzdm.com,6,2026-08-01T04:58:44.792439365Z,2026-08-05T08:40:11.974730263Z
api.edgeoffer.microsoft.com,6,2026-08-03T11:26:28.268416311Z,2026-08-03T11:55:08.885766258Z
apm-rum.inf.miui.com,6,2026-08-03T12:18:12.766203329Z,2026-08-04T02:42:40.522808785Z
app-measurement.com,6,2026-07-31T01:24:49.394346089Z,2026-07-31T04:06:40.119476664Z
cdn-sdk-opt.getui.com,6,2026-07-29T22:22:21.351641283Z,2026-08-04T15:44:41.619916351Z
cdn.ynuf.aliapp.org,6,2026-07-30T08:25:19.222077625Z,2026-08-04T15:13:22.79784983Z
cm-10-136.getui.com,6,2026-08-05T07:18:24.960715157Z,2026-08-05T07:41:25.444082578Z
cm-10-179.getui.com,6,2026-08-04T02:21:57.045605202Z,2026-08-05T07:18:02.929199547Z
cmp.gatekeeperconsent.com,6,2026-08-03T13:49:19.720630128Z,2026-08-03T14:18:18.204318162Z
dsp-api-cn.metricslinks.com,6,2026-07-29T22:22:12.297246993Z,2026-08-04T22:24:16.028915148Z
ecma.bdimg.com,6,2026-08-03T08:35:17.072766449Z,2026-08-03T08:37:40.673841808Z
ecmb.bdimg.com,6,2026-08-03T08:35:16.998004816Z,2026-08-03T08:37:40.58842452Z
err.taobao.com,6,2026-07-31T04:39:22.267716872Z,2026-08-05T05:39:23.057865333Z
firebaselogging.googleapis.com,6,2026-08-04T10:25:29.709490705Z,2026-08-05T05:14:09.165189829Z
fourier.alibaba.com,6,2026-07-30T22:31:24.186457104Z,2026-08-02T04:19:49.023309446Z
game.str.mdt.qq.com,6,2026-08-03T09:14:03.167699288Z,2026-08-03T09:16:01.720004601Z
hdaa.shuzilm.cn,6,2026-08-03T13:38:11.193209051Z,2026-08-03T13:39:42.163277936Z
hub5u.wap.sandai.net,6,2026-08-02T10:43:56.637728419Z,2026-08-04T12:37:31.820409063Z
idx.m.hub.sandai.net,6,2026-08-02T10:43:56.651183087Z,2026-08-04T12:37:31.828971523Z
loggw-ex.alipay.com,6,2026-08-02T04:20:00.38663938Z,2026-08-02T12:40:14.123051813Z
master.wap.dphub.sandai.net,6,2026-08-02T10:43:56.632284407Z,2026-08-04T12:37:31.813188193Z
metrics-config.icloud.com,6,2026-08-02T12:01:09.941551572Z,2026-08-03T08:27:29.005315128Z
o33249.ingest.sentry.io,6,2026-07-30T04:52:45.023527285Z,2026-08-05T05:14:03.9091277Z
offmsg.umeng.com,6,2026-07-30T03:53:09.913430924Z,2026-08-05T08:39:41.897696989Z
open.kwaizt.com,6,2026-07-30T14:33:40.843942395Z,2026-08-04T22:25:12.331139877Z
p2p-punch.xxpkg.com,6,2026-07-29T14:56:38.270091908Z,2026-08-02T13:00:28.964455694Z
polaris5-normal-lf.zijieapi.com,6,2026-08-05T05:03:07.634092405Z,2026-08-05T05:13:55.692003298Z
puds.ucweb.com,6,2026-07-30T14:33:55.97475533Z,2026-07-31T13:48:13.872260409Z
rtlog3-applog.fqnovel.com,6,2026-08-05T03:43:50.966871614Z,2026-08-05T04:48:27.380004429Z
rtlog5-applog.fqnovel.com,6,2026-08-05T03:43:49.869168824Z,2026-08-05T04:48:26.096771384Z
s-adashx.ut.uc.cn,6,2026-07-30T14:33:45.533262679Z,2026-07-31T13:48:04.888753938Z
s-gm.mmstat.com,6,2026-08-02T04:03:05.038892771Z,2026-08-02T12:40:06.430520533Z
s.1rtb.net,6,2026-07-29T22:22:12.752645495Z,2026-08-04T22:24:16.539047055Z
smartad.10010.com,6,2026-08-02T08:02:47.970014391Z,2026-08-02T08:03:26.016914296Z
statistic.live.126.net,6,2026-08-02T02:53:49.886750228Z,2026-08-05T07:12:09.14930808Z
syh.zybang.com,6,2026-08-04T02:50:27.854322949Z,2026-08-04T02:55:44.839544416Z
the.gatekeeperconsent.com,6,2026-08-03T13:49:19.723693017Z,2026-08-03T14:18:18.206358078Z
track.uc.cn,6,2026-07-30T14:33:45.102207272Z,2026-07-31T13:48:05.534413102Z
wxadliteapp.gdt.qq.com,6,2026-07-31T07:34:26.536631421Z,2026-08-02T01:54:15.832308799Z
zxid-m.mobileservice.cn,6,2026-07-29T22:23:38.574311048Z,2026-08-05T04:00:30.924449563Z
cstm.baidu.com,5,2026-08-03T08:35:30.824051566Z,2026-08-03T08:36:18.771451754Z
fourier.taobao.com,5,2026-07-30T22:30:11.965291095Z,2026-07-30T22:41:26.120632097Z
ipv6.music.163.com,5,2026-08-01T13:16:32.029128212Z,2026-08-04T10:25:06.878239939Z
mcs.zijieapi.com,5,2026-07-30T15:02:31.83617924Z,2026-08-04T10:36:08.847493053Z
86ktf7cwsyr2c.v1d.pkoplink.com,4,2026-08-04T22:07:38.356732825Z,2026-08-04T23:21:53.58539755Z
a.qchannel03.cn,4,2026-08-04T22:24:16.022509998Z,2026-08-04T22:34:57.805234034Z
ads5-normal-lf.zijieapi.com,4,2026-08-05T05:00:50.818517423Z,2026-08-05T05:20:19.949684092Z
adx-bj.statisticslinks.com,4,2026-07-29T22:22:11.91037607Z,2026-07-30T22:34:05.266448547Z
adx-cfg-u1.ubixioe.com,4,2026-08-04T22:24:14.235184952Z,2026-08-04T22:25:09.374149643Z
afd.baidu.com,4,2026-08-04T22:24:14.1697742Z,2026-08-04T22:31:43.472208031Z
ai.search.miui.com,4,2026-08-03T05:52:22.09793197Z,2026-08-04T04:26:00.348777334Z
aianfd5yl4ybu6r5.nexusedgeio.com,4,2026-08-04T05:25:26.295135458Z,2026-08-04T08:42:44.606648115Z
api-auth.flysleep.cn,4,2026-07-30T03:53:16.384721499Z,2026-08-02T08:02:51.7210936Z
api.kwaizt.com,4,2026-08-02T10:40:50.688116427Z,2026-08-02T12:49:30.426536502Z
appsupport.qq.com,4,2026-08-03T09:15:41.747273813Z,2026-08-03T09:15:52.822021948Z
auth.wosms.cn,4,2026-08-01T13:17:45.323865343Z,2026-08-02T14:50:17.051442578Z
babel-statistics-android.dreport.meituan.net,4,2026-08-02T14:50:16.709339208Z,2026-08-04T02:25:21.013283162Z
baidu-mipdx.cn.miaozhen.com,4,2026-08-04T04:26:26.498576501Z,2026-08-04T22:24:16.666125498Z
bbbhjbhbiuhbq.jspcdn.cn,4,2026-08-01T14:41:31.400728999Z,2026-08-03T14:03:35.586256473Z
bv.brg0.com,4,2026-07-30T07:09:56.144535143Z,2026-07-30T15:26:24.803333176Z
c3-cache.browser.miui.com,4,2026-08-03T03:04:21.471055365Z,2026-08-03T03:04:42.705872121Z
cdn-api-auth.flysleep.cn,4,2026-07-30T03:53:16.756036485Z,2026-08-02T08:02:53.432076506Z
client-upload.cn-shanghai.log.aliyuncs.com,4,2026-07-30T08:25:28.819569698Z,2026-08-02T06:24:39.638911438Z
client.tv.uc.cn,4,2026-07-30T14:33:56.710641294Z,2026-07-31T13:48:15.268449496Z
cm-10-173.getui.com,4,2026-08-04T02:21:33.917544227Z,2026-08-04T02:22:44.314666268Z
cm-10-181.getui.com,4,2026-08-04T02:21:38.52838808Z,2026-08-05T07:17:46.094693414Z
data-sdk-uuid-log.d.meituan.net,4,2026-08-04T02:25:25.655403651Z,2026-08-04T02:25:37.527487427Z
devc.flysleep.cn,4,2026-07-30T03:53:16.825065584Z,2026-08-02T08:02:58.243921011Z
dl.cm.ksmobile.com,4,2026-07-30T13:52:22.797382506Z,2026-08-03T17:15:31.136495341Z
factors.sofire.baidu.com,4,2026-08-04T22:24:36.931910107Z,2026-08-04T22:25:31.125965463Z
fcapi-ipv6.jpush.cn,4,2026-08-04T15:45:11.714464439Z,2026-08-04T15:45:56.812697324Z
fcapi.jpush.cn,4,2026-08-04T15:45:11.674335836Z,2026-08-04T15:45:56.755595479Z
fdl.flysleep.cn,4,2026-07-30T03:53:16.789281732Z,2026-08-02T08:02:55.98791881Z
gdfp.ksapisrv.com,4,2026-07-29T14:56:26.439795877Z,2026-08-02T12:49:41.599891409Z
gecko.snssdk.com,4,2026-08-03T05:52:24.082806572Z,2026-08-04T04:26:03.156096848Z
gecko3-lf.zijieapi.com,4,2026-08-05T05:30:24.355892251Z,2026-08-05T05:45:21.463663024Z
googleads.g.doubleclick.net,4,2026-08-01T13:19:13.86171372Z,2026-08-04T10:26:12.879510635Z
h2tcbox.baidu.com,4,2026-08-03T12:17:42.811132031Z,2026-08-05T05:57:18.866567888Z
httpdns.browser.miui.com,4,2026-08-03T05:52:23.324647068Z,2026-08-04T04:26:02.03471688Z
httpdns.n.netease.com,4,2026-07-31T00:08:50.123377622Z,2026-08-01T13:21:51.671239462Z
im-x.jd.com,4,2026-07-30T04:58:04.541252195Z,2026-07-30T05:20:54.073547495Z
imeffkdword.openspeech.cn,4,2026-08-03T03:57:59.607408184Z,2026-08-05T06:01:52.418149697Z
info.3g.qq.com,4,2026-08-01T04:59:52.237357139Z,2026-08-02T10:40:26.177027507Z
ipv4.music.163.com,4,2026-08-01T13:16:34.647698497Z,2026-08-04T10:25:06.998308471Z
kste.ksapisrv.com,4,2026-07-29T14:56:21.476658064Z,2026-08-02T12:49:33.202737443Z
log-api.pangolin-sdk-toutiao.com,4,2026-08-04T22:25:21.877865004Z,2026-08-04T22:34:57.62611915Z
log-auth.flysleep.cn,4,2026-07-30T03:53:13.849253476Z,2026-08-02T08:02:50.66462143Z
log-lq.snssdk.com,4,2026-07-30T14:57:28.008705457Z,2026-07-31T07:43:01.146063312Z
mon3-misc.fqnovel.com,4,2026-08-05T04:14:01.509688538Z,2026-08-05T04:48:33.731747663Z
nbsdk-baichuan.alicdn.com,4,2026-07-30T14:33:44.144005449Z,2026-07-31T13:48:03.395971704Z
polaris3-normal-lf.zijieapi.com,4,2026-08-05T05:15:03.882538267Z,2026-08-05T05:21:01.803268768Z
polaris5-normal-hl.zijieapi.com,4,2026-08-02T10:40:36.8566901Z,2026-08-02T10:41:37.991451509Z
puma-api.ptqy.gitv.tv,4,2026-07-31T06:15:30.06218834Z,2026-08-04T06:26:04.563646714Z
res.cdn.openinstall.io,4,2026-08-03T12:18:06.858586505Z,2026-08-03T12:18:54.787010157Z
rtlog5-applog-lf.fqnovel.com,4,2026-08-05T05:00:50.243357242Z,2026-08-05T05:20:18.325564349Z
s.tuia.cn,4,2026-07-29T22:22:11.470535171Z,2026-07-30T22:34:04.390716156Z
safe.ucweb.com,4,2026-07-30T14:33:46.689061933Z,2026-07-31T13:48:04.914850239Z
sdk-config.tanx.com,4,2026-07-30T14:33:42.915059747Z,2026-07-31T13:48:03.391694449Z
smart-789.kakamobi.cn,4,2026-08-03T12:19:08.035773012Z,2026-08-03T12:20:01.940694807Z
sp0.baidu.com,4,2026-08-03T08:32:38.07685022Z,2026-08-03T12:18:03.635438114Z
static.mcc.miui.com,4,2026-08-03T05:52:25.345890205Z,2026-08-04T04:26:02.38646174Z
talk.nz4.gepush.com,4,2026-08-01T04:59:54.377959187Z,2026-08-01T05:01:17.30667247Z
talk.nz4.getui.com,4,2026-08-01T04:59:54.377651571Z,2026-08-01T05:01:20.456094653Z
tmead.y.qq.com,4,2026-08-02T08:02:55.221945196Z,2026-08-02T08:04:08.509825053Z
trace.mediago.io,4,2026-08-04T11:35:24.00512644Z,2026-08-04T11:35:24.164168092Z
tunion-api.m.taobao.com,4,2026-07-30T14:33:44.144075675Z,2026-07-31T13:48:03.3948214Z
u.uc123.com,4,2026-07-30T14:33:45.681432197Z,2026-07-31T13:48:03.856990908Z
u.ucfly.com,4,2026-07-30T14:33:45.785479035Z,2026-07-31T13:48:04.107937873Z
uc.ucweb.com,4,2026-07-30T14:33:45.444393293Z,2026-07-31T13:48:03.395149597Z
utp-dmp.ucweb.com,4,2026-07-30T22:30:50.560761994Z,2026-07-30T22:41:25.89180737Z
utp.ucweb.com,4,2026-07-30T22:30:50.531923225Z,2026-07-30T22:41:25.749190304Z
vbbhebhbjhjq.jspcdn.cn,4,2026-08-03T07:46:23.667459774Z,2026-08-03T12:34:30.313940782Z
vs10.bj2ct.u3.ucweb.com,4,2026-07-30T14:33:39.625741162Z,2026-07-31T13:47:58.649106077Z
vuqenkmvqnppgbngvenqnjsknqnbqq.jspcdn.cn,4,2026-08-04T05:56:03.396763381Z,2026-08-04T16:27:21.153993916Z
web.vortex.data.microsoft.com,4,2026-08-04T11:05:35.585234536Z,2026-08-04T11:10:03.166223001Z
web3.oyimjwcxnt.com,4,2026-07-30T05:38:38.150236804Z,2026-07-30T05:38:38.189665097Z
wup.imtt.qq.com,4,2026-08-03T04:12:38.031482031Z,2026-08-03T09:15:58.224194199Z
www.telecommandsvc.microsoft.com,4,2026-07-30T06:02:16.901411049Z,2026-08-04T06:31:13.556720825Z
wxaintpcos.wxqcloud.qq.com.cn,4,2026-08-02T01:21:43.587735936Z,2026-08-05T03:13:03.388966329Z
xiaoheikeji.sfn-tx-beijing-01.saas.sensorsdata.cn,4,2026-07-29T22:22:11.840431185Z,2026-07-30T22:34:04.813365243Z
ztd.dds.microsoft.com,4,2026-08-04T11:05:38.751681076Z,2026-08-04T11:05:51.315301318Z
120-223-160-18-ad443776.bvmlt.top,3,2026-08-02T12:45:32.846913729Z,2026-08-02T12:45:54.080308737Z
120-223-160-20-ad31d993.bvmlt.top,3,2026-08-02T12:45:32.846973654Z,2026-08-02T12:45:53.003844857Z
ada.baidu.com,3,2026-07-30T15:33:01.157410643Z,2026-07-30T15:33:01.162017709Z
cf.iadsdk.apple.com.akadns.net,3,2026-08-03T08:28:46.418892524Z,2026-08-03T08:28:46.42030519Z
dpm.demdex.net,3,2026-08-04T10:44:07.169980212Z,2026-08-04T10:44:07.171092801Z
gm.mmstat.com,3,2026-07-31T13:48:05.367643584Z,2026-08-02T03:54:10.458947723Z
interface.bilibili.com,3,2026-08-03T14:35:45.606851156Z,2026-08-03T14:35:45.609104207Z
ios.bugly.qq.com,3,2026-08-03T15:12:40.048210777Z,2026-08-03T15:12:40.049581252Z
jihbgihvihkv.jspcdn.cn,3,2026-08-01T07:53:26.159375874Z,2026-08-04T03:47:50.885959115Z
miao.baidu.com,3,2026-08-02T02:52:12.691958745Z,2026-08-02T02:52:12.69207905Z
msftenterprise.sc.omtrdc.net,3,2026-08-04T10:44:09.489176793Z,2026-08-04T10:44:09.489538798Z
ogads-pa.clients6.google.com,3,2026-08-04T06:08:28.259511191Z,2026-08-04T06:08:28.259574642Z
oth.str.beacon.qq.com,3,2026-08-03T08:37:46.930452754Z,2026-08-03T08:37:46.931976504Z
ping.cloud.tencent.com,3,2026-08-03T08:37:45.544702323Z,2026-08-03T08:37:45.546287069Z
polaris.zijieapi.com,3,2026-08-03T02:51:40.842613144Z,2026-08-04T02:22:53.493305493Z
privacy.gatekeeperconsent.com,3,2026-08-03T13:49:25.034427641Z,2026-08-03T13:49:25.058201804Z
sensors.cloud.tencent.com,3,2026-08-03T08:37:46.945417982Z,2026-08-03T08:37:46.946764478Z
sp2.baidu.com,3,2026-08-03T08:32:38.580855715Z,2026-08-03T08:32:38.58258086Z
www.googletagmanager.com,3,2026-08-03T08:37:44.997016433Z,2026-08-03T08:37:44.998397062Z
120-223-160-15-ad1bddeb.bvmlt.top,2,2026-08-02T12:47:09.711876552Z,2026-08-02T12:47:21.155760132Z
120-223-160-84-ad166d98.bvmlt.top,2,2026-08-02T12:47:09.669837832Z,2026-08-02T12:47:19.783504333Z
120-223-160-86-adadc11a.bvmlt.top,2,2026-08-02T12:47:09.669905524Z,2026-08-02T12:47:19.754559143Z
120-223-160-87-ad9aaa12.bvmlt.top,2,2026-08-02T12:47:09.620625521Z,2026-08-02T12:47:19.783504333Z
120-226-71-18-ad3fa6bc.ldhy.click,2,2026-07-30T03:33:28.518782126Z,2026-07-30T03:33:28.518850512Z
120-226-71-29-ad446225.ldhy.click,2,2026-07-30T05:05:48.788206252Z,2026-07-30T05:05:48.78886642Z
18659bf1b84dde2f5c2efd675d4b1f9e.azr.footprintdns.com,2,2026-08-04T10:44:00.523607792Z,2026-08-04T10:44:00.524121033Z
240e-935-a04-5605-0-0-0-11-ad464728.ldhy.click,2,2026-07-30T05:07:41.813956739Z,2026-07-30T05:07:41.815621798Z
240e-935-a04-5605-0-0-0-12-ad2301d0.ldhy.click,2,2026-07-30T13:40:48.811554213Z,2026-07-30T13:40:49.003843753Z
240e-935-a04-5605-0-0-0-13-adc15a7d.ldhy.click,2,2026-07-30T13:40:48.561833049Z,2026-07-30T13:40:48.561833049Z
240e-935-a04-5605-0-0-0-14-ad618567.ldhy.click,2,2026-08-02T10:40:48.889873612Z,2026-08-02T10:40:48.894585432Z
240e-935-a04-5605-0-0-0-14-add21d02.ldhy.click,2,2026-07-31T01:28:45.187937112Z,2026-07-31T01:28:45.187997869Z
240e-935-a04-5605-0-0-0-15-adcf2bcf.ldhy.click,2,2026-07-30T13:40:49.216338503Z,2026-07-30T13:40:49.231375893Z
240e-935-a04-5605-0-0-0-17-adebf092.ldhy.click,2,2026-08-02T05:45:47.041528671Z,2026-08-02T05:45:47.043478103Z
240e-935-a04-5605-0-0-0-19-ad716648.ldhy.click,2,2026-08-02T05:45:48.89061246Z,2026-08-02T05:45:48.891652439Z
240e-935-a04-5605-0-0-0-1a-ada0947d.ldhy.click,2,2026-07-30T05:07:34.924228197Z,2026-07-30T05:07:34.924288944Z
240e-935-a04-5605-0-0-0-1b-ad5eb5ed.ldhy.click,2,2026-07-29T15:50:43.87962219Z,2026-07-29T15:50:43.880960726Z
240e-935-a04-5605-0-0-0-1b-adfbd369.ldhy.click,2,2026-08-02T05:45:45.069031481Z,2026-08-02T05:45:45.071883305Z
240e-935-a04-5605-0-0-0-1c-adeaf75f.ldhy.click,2,2026-07-30T13:40:48.300782761Z,2026-07-30T13:40:48.300823344Z
240e-935-a04-5605-0-0-0-1d-addc1623.ldhy.click,2,2026-07-29T15:51:05.469140319Z,2026-07-29T15:51:05.469635195Z
240e-935-a04-5605-0-0-0-1e-ad64c982.ldhy.click,2,2026-08-04T15:56:23.476362963Z,2026-08-04T15:56:23.479132529Z
240e-935-a04-5605-0-0-0-1f-ad4dbee8.ldhy.click,2,2026-07-30T05:07:34.802362497Z,2026-07-30T05:07:34.802434794Z
240e-935-a04-5605-0-0-0-1f-ad52c4ab.ldhy.click,2,2026-08-02T05:45:48.959168214Z,2026-08-02T05:45:48.959538336Z
240e-935-a04-5605-0-0-0-20-adb0a1ce.ldhy.click,2,2026-08-02T05:45:48.228025413Z,2026-08-02T05:45:48.228092491Z
240e-935-a04-5605-0-0-0-d-ad284074.ldhy.click,2,2026-07-30T05:07:34.681307304Z,2026-07-30T05:07:34.681437423Z
36-133-101-19-adce75b7.ldhy.click,2,2026-07-30T04:58:15.657275341Z,2026-07-30T13:05:56.291593138Z
446eb566c02ce3dcbd383334a3b2eb2c.afd.footprintdns.com,2,2026-08-04T10:48:58.780135559Z,2026-08-04T10:48:58.780513265Z
507902240b3a40e8a79d96cccd8aecad.tgpa.imtmp.net,2,2026-08-03T09:15:59.003430673Z,2026-08-03T09:15:59.004125962Z
789.kakamobi.cn,2,2026-08-03T12:18:31.666075848Z,2026-08-03T12:18:31.668699873Z
a2n6tevr3klgl.v1d.pkoplink.com,2,2026-08-04T02:19:27.462415224Z,2026-08-04T02:19:27.46248136Z
a65906d162f3817e6260738a3bd62f4d.afd.footprintdns.com,2,2026-08-04T10:54:15.772341165Z,2026-08-04T10:54:15.772403462Z
acjs.aliyun.com,2,2026-07-30T22:31:24.132242936Z,2026-07-30T22:31:24.133365076Z
ad-server.xhgamesdk.com,2,2026-08-04T08:24:40.340873055Z,2026-08-04T08:24:40.342456091Z
ad.tencentmusic.com,2,2026-08-02T08:02:45.201857109Z,2026-08-02T08:02:45.205288898Z
adashx.ut.cainiao.com,2,2026-07-31T07:43:02.41367956Z,2026-07-31T07:43:02.415580582Z
adx-micro.statisticslinks.com,2,2026-08-04T22:24:21.168573845Z,2026-08-04T22:24:21.170440323Z
aiaao5m4zeow5xuy.nexusedgeio.com,2,2026-08-04T08:14:45.041086589Z,2026-08-04T08:14:45.042098194Z
aiaaqgyiwoj2jb2w.nexusedgeio.com,2,2026-08-04T03:39:45.327594122Z,2026-08-04T03:39:45.330210532Z
aiabhtbglewgw64d.nexusedgeio.com,2,2026-08-04T07:46:28.300325238Z,2026-08-04T07:46:28.302051714Z
aiabomsixriw6flc.nexusedgeio.com,2,2026-08-04T11:48:01.199251161Z,2026-08-04T11:48:01.199338192Z
aiacdiqu43rzstch.nexusedgeio.com,2,2026-08-04T08:09:28.661632625Z,2026-08-04T08:09:28.663651925Z
aiadzp4yqyz3cqhi.nexusedgeio.com,2,2026-08-04T03:41:10.664756339Z,2026-08-04T03:41:10.672203129Z
aiahlipfmbwsk7ks.nexusedgeio.com,2,2026-08-04T08:44:25.398511648Z,2026-08-04T08:44:25.398587338Z
aiaixttjwqy2dcx2.nexusedgeio.com,2,2026-08-04T05:25:14.319057826Z,2026-08-04T05:25:14.319134688Z
aiajphagym2gcuoa.nexusedgeio.com,2,2026-08-04T08:51:11.592135181Z,2026-08-04T08:51:11.593389847Z
aiajtyyo6nten3og.nexusedgeio.com,2,2026-08-04T05:25:14.320163467Z,2026-08-04T05:25:14.32156069Z
aial3yckm3rk2lk4.nexusedgeio.com,2,2026-08-04T08:15:48.103952844Z,2026-08-04T08:15:48.105751178Z
aiampderlqglaaor.nexusedgeio.com,2,2026-08-02T04:09:47.152990882Z,2026-08-02T04:09:47.155808888Z
aiamvm6zkoodosxe.nexusedgeio.com,2,2026-08-04T08:08:36.222624047Z,2026-08-04T08:08:36.224528551Z
aiamzipmrmw7g3ta.nexusedgeio.com,2,2026-08-04T08:42:54.528391619Z,2026-08-04T08:42:54.530454288Z
aianmbkujyvo6fun.nexusedgeio.com,2,2026-08-01T09:39:49.798384553Z,2026-08-01T09:39:49.798628662Z
aiao424wkmshyg5z.nexusedgeio.com,2,2026-08-04T11:44:39.625957457Z,2026-08-04T11:44:39.626014601Z
aiaoq5frlfmviget.nexusedgeio.com,2,2026-08-01T09:40:22.337700656Z,2026-08-01T09:40:22.343064198Z
aicc323llrxcaepacgq47hgeeagzxbkuv7gwedrkma888888.nexusedgeio.com,2,2026-08-04T08:49:48.965409264Z,2026-08-04T08:49:48.966131153Z
aicc4smfk7yvrzreb34h6gl4wixfnzbfhekthxoa3a888888.nexusedgeio.com,2,2026-08-04T03:41:12.711336275Z,2026-08-04T03:41:12.715720874Z
aichaxjzruoup7iczorteyaj7ydnymlvwbngpvjb5a888888.nexusedgeio.com,2,2026-08-04T08:15:51.279029518Z,2026-08-04T08:15:51.279772534Z
aicjoyabqldbpvru2ri5dqgh4ocwmna3t7ogyzon7e888888.nexusedgeio.com,2,2026-08-04T08:08:32.770283711Z,2026-08-04T08:08:32.773355359Z
ali-stats.jpush.cn,2,2026-07-31T01:59:49.5844021Z,2026-07-31T01:59:49.588337209Z
api-share.mob.com,2,2026-08-02T08:02:48.255539239Z,2026-08-02T08:02:48.257203682Z
api.e.kuaishou.com,2,2026-08-03T12:18:32.191128894Z,2026-08-03T12:18:32.194236599Z
api.miui.security.xiaomi.com,2,2026-08-04T15:03:30.11326839Z,2026-08-04T15:03:30.119370723Z
api.tuisong.baidu.com,2,2026-08-04T22:24:14.067904389Z,2026-08-04T22:24:14.07988041Z
api.yfanads.com,2,2026-07-30T07:11:17.359758631Z,2026-07-30T07:11:17.365117976Z
api2.openinstall.io,2,2026-08-03T03:06:46.195919583Z,2026-08-03T03:06:46.195981494Z
appc.baidu.com,2,2026-08-03T12:17:43.989688556Z,2026-08-03T12:17:43.991769436Z
applog.zijieapi.com,2,2026-07-31T07:43:00.573268048Z,2026-07-31T07:43:00.579003403Z
arms-retcode.aliyuncs.com,2,2026-08-02T03:56:13.905860185Z,2026-08-02T03:56:13.960828157Z
bd0.dreport.meituan.net,2,2026-08-01T16:27:14.60511551Z,2026-08-01T16:27:14.605141226Z
bduserlog.eastmoney.com,2,2026-08-04T02:20:37.004716701Z,2026-08-04T02:20:37.005936223Z
beacon.sina.com.cn,2,2026-07-30T22:30:49.295568196Z,2026-07-30T22:30:49.297215357Z
blackhole.m.jd.com,2,2026-08-02T04:13:37.182585478Z,2026-08-02T04:13:37.186076984Z
bugly.qq.com,2,2026-08-03T15:12:39.368813215Z,2026-08-03T15:12:39.368881593Z
c.isdspeed.qq.com,2,2026-08-03T09:15:44.835375521Z,2026-08-03T09:15:44.83543882Z
c2r7oedn3semx.v1d.pkoplink.com,2,2026-07-30T19:11:33.451666643Z,2026-07-30T19:11:33.457891604Z
c2r7oenk3semx.v1d.pkoplink.com,2,2026-07-30T19:11:33.549807512Z,2026-07-30T19:11:33.554348127Z
cainiao-app-logs.cn-zhangjiakou.dualstack.log.aliyuncs.com,2,2026-07-31T07:43:00.507646406Z,2026-07-31T07:43:00.522960194Z
cdn.bootcdn.net,2,2026-08-03T12:18:03.030846308Z,2026-08-03T12:18:03.033028609Z
cdn.cmgadx.com,2,2026-08-01T13:17:44.778704117Z,2026-08-01T13:17:44.780448122Z
cfgc.flysleep.cn,2,2026-08-02T08:03:07.337514058Z,2026-08-02T08:03:07.340379858Z
cm-10-133.getui.com,2,2026-08-04T02:21:52.441356008Z,2026-08-04T02:21:52.442408465Z
cm-10-134.getui.com,2,2026-08-04T02:22:08.78697314Z,2026-08-04T02:22:08.792342831Z
cm-10-135.getui.com,2,2026-08-04T02:22:04.191773814Z,2026-08-04T02:22:04.192150187Z
cm-10-138.getui.com,2,2026-08-05T07:17:55.029864618Z,2026-08-05T07:17:55.031681017Z
cm-10-140.getui.com,2,2026-08-04T02:21:47.801950093Z,2026-08-04T02:21:47.802018864Z
cm-10-170.getui.com,2,2026-08-05T07:18:19.747781074Z,2026-08-05T07:18:19.751090938Z
cm-10-171.getui.com,2,2026-08-04T02:21:43.186683609Z,2026-08-04T02:21:43.189503406Z
cm-10-175.getui.com,2,2026-08-04T02:22:56.047963623Z,2026-08-04T02:22:56.048502111Z
cm-10-180.getui.com,2,2026-08-05T07:17:46.91606828Z,2026-08-05T07:17:46.91612857Z
cm-10-182.getui.com,2,2026-08-05T07:18:00.02153738Z,2026-08-05T07:18:00.023330189Z
cm-10-184.getui.com,2,2026-08-05T07:18:10.123494452Z,2026-08-05T07:18:10.125149704Z
cm-10-186.getui.com,2,2026-08-04T02:22:48.932984645Z,2026-08-04T02:22:48.936288507Z
cm-10-195.getui.com,2,2026-08-05T07:18:07.439489661Z,2026-08-05T07:18:07.456555827Z
collect-v6.51.la,2,2026-08-03T03:04:21.857411158Z,2026-08-03T03:04:21.858487765Z
collect.alipay.com,2,2026-08-02T12:47:30.699636142Z,2026-08-02T12:47:30.701744662Z
cse.avlyun.sec.miui.com,2,2026-08-02T10:40:37.611759573Z,2026-08-02T10:40:37.613989074Z
d.qchannel03.cn,2,2026-08-04T22:24:13.899718311Z,2026-08-04T22:24:13.906702865Z
d7kpq5tynxy6w.v1d.pkoplink.com,2,2026-07-30T01:58:24.451681592Z,2026-07-30T01:58:24.451744272Z
docs.yunxish.com,2,2026-08-04T22:24:16.026776018Z,2026-08-04T22:24:16.027535248Z
e-ad-monitor.huya.com,2,2026-07-30T03:53:15.189437839Z,2026-07-30T03:53:15.192778242Z
e.cn.miaozhen.com,2,2026-08-01T16:38:21.125858132Z,2026-08-01T16:38:21.127473058Z
entry-su1.ubixioe.com,2,2026-08-04T22:24:16.015027007Z,2026-08-04T22:24:16.01574744Z
errc.flysleep.cn,2,2026-08-02T08:03:04.611377756Z,2026-08-02T08:03:04.615561481Z
errlog.umeng.com,2,2026-08-04T02:22:04.166604347Z,2026-08-04T02:22:04.168606946Z
fd.qchannel03.cn,2,2026-08-04T22:34:57.794545612Z,2026-08-04T22:34:57.798159085Z
feedback.miui.com,2,2026-07-30T01:59:35.109054702Z,2026-07-30T01:59:35.138684279Z
fileserverpcdn.cdn.huya.com,2,2026-07-30T03:53:14.729396806Z,2026-07-30T03:53:15.083409163Z
footprints-pa.googleapis.com,2,2026-08-01T13:20:14.643642665Z,2026-08-01T13:20:14.643712516Z
gamynxqzay5cqpnhpmxo8v1vdaces5lz.v1d.pkoplink.com,2,2026-08-04T02:21:00.36205619Z,2026-08-04T02:21:00.36213927Z
gatxxf1zk96cvovq9agt8k1vdbxyv2zn.v1d.pkoplink.com,2,2026-08-04T02:21:01.511828855Z,2026-08-04T02:21:01.53069239Z
gf11fld2jwvyg2p5p7x3ogfvdjxfyqen.v1d.pkoplink.com,2,2026-08-04T02:21:01.722693364Z,2026-08-04T02:21:01.726275118Z
glwxyj1zeashbojp9agcekhtdfho7qqm.v1d.pkoplink.com,2,2026-08-04T02:42:39.70059293Z,2026-08-04T02:42:39.700661384Z
grs.dbankcloud.com,2,2026-08-05T03:59:37.57729957Z,2026-08-05T03:59:37.577368722Z
gtc.gepush.com,2,2026-08-04T02:21:14.420074026Z,2026-08-04T02:21:14.421507521Z
gtc.getui.net,2,2026-08-04T02:21:14.389111679Z,2026-08-04T02:21:14.39031908Z
i1.go2yd.com,2,2026-08-04T04:26:02.257316813Z,2026-08-04T04:26:02.258611927Z
ifs.tanx.com,2,2026-07-30T08:25:20.231254211Z,2026-07-30T08:25:20.231320353Z
ii.gdt.qq.com,2,2026-07-30T03:53:15.786086603Z,2026-07-30T03:53:15.788169706Z
im64.jpush.cn,2,2026-07-31T01:59:49.497700102Z,2026-07-31T01:59:49.500181868Z
inputsuggestions.msdxcdn.microsoft.com,2,2026-08-03T02:31:45.426864334Z,2026-08-03T02:31:45.440525092Z
ir-sdk.dun.163.com,2,2026-08-03T12:19:43.139509863Z,2026-08-03T12:19:43.140959572Z
ir-sdk.dun.163yun.com,2,2026-08-03T12:19:43.166250466Z,2026-08-03T12:19:43.168641645Z
jehbdjhjbhdi.jspcdn.cn,2,2026-08-04T15:09:13.778641543Z,2026-08-04T15:09:13.78163355Z
jspassport.ssl.qhimg.com,2,2026-08-03T12:18:03.539721287Z,2026-08-03T12:18:03.540792492Z
kgb-ifs.tanx.com,2,2026-07-30T08:26:48.06971281Z,2026-07-30T08:26:48.069829178Z
knicks.jd.com,2,2026-08-02T04:13:33.223908862Z,2026-08-02T04:13:33.226218788Z
line3-adscore-api.biligame.net,2,2026-07-30T02:31:26.126908499Z,2026-07-30T02:31:26.13162877Z
livewebbs2pcdn.msstatic.com,2,2026-07-30T03:53:14.986913002Z,2026-07-30T03:53:15.010209684Z
log-hl.snssdk.com,2,2026-08-02T10:40:55.318437741Z,2026-08-02T10:40:55.321339628Z
log.jd.com,2,2026-08-02T04:13:40.052690791Z,2026-08-02T04:13:40.055214798Z
log.qchannel03.cn,2,2026-08-04T22:24:13.900239993Z,2026-08-04T22:24:13.901144104Z
log.tec73.com,2,2026-08-02T14:50:16.041071365Z,2026-08-02T14:50:16.043111961Z
loggw-exsdk.alipay.com,2,2026-08-04T22:35:11.041640492Z,2026-08-04T22:35:11.041707091Z
mb.yidianzixun.com,2,2026-08-04T04:26:00.453076942Z,2026-08-04T04:26:00.455303216Z
mipstatic.sm-tc.cn,2,2026-07-30T14:33:43.791493742Z,2026-07-30T14:33:43.793231857Z
moiafdazure.clo.footprintdns.com,2,2026-08-04T10:43:59.676468871Z,2026-08-04T10:43:59.676528388Z
mores.anythinktech.com,2,2026-08-04T22:24:16.026614904Z,2026-08-04T22:24:16.028455284Z
mpcfg.fancydsp.com,2,2026-07-31T13:48:14.051733795Z,2026-07-31T13:48:14.053523927Z
mqs-log.miui.com,2,2026-07-31T16:20:58.124068305Z,2026-07-31T16:20:58.125864733Z
mssdk-bu.bytedance.com,2,2026-07-31T07:43:00.57160294Z,2026-07-31T07:43:00.57777184Z
mssdk3-normal-lf.zijieapi.com,2,2026-08-05T05:17:17.649624927Z,2026-08-05T05:17:17.65241863Z
mssdk3-normal-lq.zijieapi.com,2,2026-08-04T09:46:51.091334981Z,2026-08-04T09:46:51.093429963Z
n2pyvksprn2dj.v1d.pkoplink.com,2,2026-07-30T01:59:01.884055349Z,2026-07-30T01:59:01.884088382Z
n9rvvaynsstnx.v1d.pkoplink.com,2,2026-07-30T01:59:01.951402927Z,2026-07-30T01:59:01.953684659Z
nmjjrz1lrkxql.v1d.pkoplink.com,2,2026-07-30T19:12:54.903256499Z,2026-07-30T19:12:54.904370661Z
nsclick.baidu.com,2,2026-08-04T22:24:16.020185275Z,2026-08-04T22:24:16.021931511Z
p.l.qq.com,2,2026-08-03T04:12:36.42718812Z,2026-08-03T04:12:36.427245797Z
p2-lm.adkwai.com,2,2026-08-03T12:18:32.204042265Z,2026-08-03T12:18:32.205521725Z
polaris3-normal-hl.zijieapi.com,2,2026-08-02T10:41:07.87961644Z,2026-08-02T10:41:07.883108386Z
policy.jd.com,2,2026-08-02T04:13:34.284095793Z,2026-08-02T04:13:34.306148613Z
pp-cdnfile1pcdn.msstatic.com,2,2026-07-30T03:53:14.966392348Z,2026-07-30T03:53:14.984361885Z
proj-xtrace-743e5b9edac91ae6a92ee5267dde9cc6-cn-beijing.cn-beijing.log.aliyuncs.com,2,2026-08-04T02:22:04.225229872Z,2026-08-04T02:22:04.227545858Z
qn-cdnfile1pcdn.msstatic.com,2,2026-07-30T03:53:14.789522512Z,2026-07-30T03:53:14.941981111Z
qn-fileserverpcdn.cdn.huya.com,2,2026-07-30T03:53:14.920743755Z,2026-07-30T03:53:14.944461004Z
qn-livewebbs2pcdn.msstatic.com,2,2026-07-30T03:53:14.889163107Z,2026-07-30T03:53:14.924424671Z
r2oaa1.cdn-settings.appsflyersdk.com,2,2026-08-01T13:16:51.685407156Z,2026-08-01T13:16:51.685452518Z
rapi.cmgadx.com,2,2026-08-01T13:17:45.583525592Z,2026-08-01T13:17:45.586182503Z
rdstat.tanx.com,2,2026-08-01T16:38:22.726211617Z,2026-08-01T16:38:22.727973854Z
report.qqweb.qq.com,2,2026-07-29T15:28:32.59879523Z,2026-07-29T15:28:32.60307115Z
report.tencentmusic.com,2,2026-08-02T08:02:45.113515926Z,2026-08-02T08:02:45.121630432Z
report.tv.kohesport.qq.com,2,2026-08-03T09:16:18.372159036Z,2026-08-03T09:16:18.374939153Z
rl.go2yd.com,2,2026-08-04T04:26:02.233545888Z,2026-08-04T04:26:02.236444823Z
rtlog3-applog-lq.amemv.com,2,2026-08-02T04:26:40.561460716Z,2026-08-02T04:26:40.563771128Z
s19.cnzz.com,2,2026-08-03T12:18:03.538173931Z,2026-08-03T12:18:03.540729267Z
s3lv56ngrkxql.v1d.pkoplink.com,2,2026-07-30T01:59:02.214427674Z,2026-07-30T01:59:02.216073299Z
s9.cnzz.com,2,2026-08-04T02:22:03.925579454Z,2026-08-04T02:22:03.928496905Z
sd-sy.comfylink.com,2,2026-08-02T12:52:25.424677995Z,2026-08-02T12:53:05.225519702Z
sdk-conf.getui.com,2,2026-08-04T02:21:33.910175898Z,2026-08-04T02:21:33.912452505Z
sdk.51.la,2,2026-08-03T03:04:20.647828751Z,2026-08-03T03:04:20.648781226Z
sdk.adx.adwangmai.com,2,2026-08-04T22:24:14.247330479Z,2026-08-04T22:24:14.251932769Z
sdk.api.oaid.wocloud.cn,2,2026-08-04T02:21:12.309028529Z,2026-08-04T02:21:12.309069806Z
sdk.beizi.biz,2,2026-07-30T07:11:17.276978022Z,2026-07-30T07:11:17.280108414Z
sdk.zhangyuyidong.cn,2,2026-08-04T22:24:16.024576538Z,2026-08-04T22:24:16.02548318Z
sdktmp.hubcloud.com.cn,2,2026-07-30T07:11:17.271534509Z,2026-07-30T07:11:17.278798764Z
sf-static.sensorsdata.cn,2,2026-07-30T22:34:04.824491932Z,2026-07-30T22:34:04.829667557Z
sfn-tx-static.sensorsdata.cn,2,2026-07-30T22:34:04.808240523Z,2026-07-30T22:34:04.811659339Z
si1.go2yd.com,2,2026-08-04T04:26:01.648293527Z,2026-08-04T04:26:01.648876831Z
sk16v5371n8zj.v1d.pkoplink.com,2,2026-08-04T12:18:29.685814391Z,2026-08-04T12:18:29.686375312Z
sk16v5mp1n8ag.v1d.pkoplink.com,2,2026-08-03T14:41:18.328224317Z,2026-08-03T14:41:18.329499735Z
ssl.log.wtlogin.qq.com,2,2026-08-01T23:11:12.531929311Z,2026-08-01T23:11:12.53493428Z
stat2.openinstall.io,2,2026-08-03T03:08:33.380158947Z,2026-08-03T03:08:33.380225163Z
stats-ipv6.jpush.cn,2,2026-07-31T01:59:53.445638698Z,2026-07-31T01:59:53.445700917Z
stats.jpush.cn,2,2026-07-31T01:59:49.633323326Z,2026-07-31T01:59:49.635715378Z
stats.music.xiaomi.com,2,2026-08-02T08:02:50.46050673Z,2026-08-02T08:02:50.462900959Z
talk.nz4.getui.net,2,2026-08-01T04:59:54.377651417Z,2026-08-01T04:59:54.378144219Z
tf11s8729f11111r8ac1q2stdjwfzn2f.v1d.pkoplink.com,2,2026-07-30T01:57:19.68198281Z,2026-07-30T01:57:19.684287085Z
tf11tqa2af11111r9a71seevd9e9flov.v1d.pkoplink.com,2,2026-08-04T12:49:43.042352624Z,2026-08-04T12:49:43.043065039Z
tf11tvbbhf11111rda6r89etdavewwvt.v1d.pkoplink.com,2,2026-08-03T14:41:18.328280292Z,2026-08-03T14:41:18.328346123Z
tlpcvcnatsnpz.v1d.pkoplink.com,2,2026-08-05T07:33:25.569237184Z,2026-08-05T07:33:25.569314502Z
tlpcvcngtsnpz.v1d.pkoplink.com,2,2026-08-05T07:33:26.807818811Z,2026-08-05T07:33:26.807853697Z
tmfmazu-wangka.m.qq.com,2,2026-08-02T08:02:45.377673248Z,2026-08-02T08:02:45.377740112Z
tmfsdktcpv4.m.qq.com,2,2026-08-01T01:54:08.174959909Z,2026-08-01T01:54:08.177618663Z
trace.rtbasia.com,2,2026-08-01T16:38:22.007486572Z,2026-08-01T16:38:22.020765866Z
track.ad.xiaomi.com,2,2026-08-02T21:49:19.393754001Z,2026-08-02T21:49:19.397215001Z
tracker.yfanads.com,2,2026-07-30T07:11:17.271475291Z,2026-07-30T07:11:17.278467328Z
truth.qchannel03.cn,2,2026-08-04T22:24:14.051359025Z,2026-08-04T22:24:14.054516436Z
tsis-ipv6.jpush.cn,2,2026-07-31T01:59:49.643802678Z,2026-07-31T01:59:49.645368682Z
tsis.jpush.cn,2,2026-07-31T01:59:49.608823093Z,2026-07-31T01:59:49.608894247Z
tybili.m.cn.miaozhen.com,2,2026-08-02T01:50:03.409406104Z,2026-08-02T01:50:03.412574525Z
udblog.huya.com,2,2026-07-30T03:53:13.295856798Z,2026-07-30T03:53:13.296614393Z
ulog-sdk.gifshow.com,2,2026-08-03T12:18:32.162662675Z,2026-08-03T12:18:32.164720565Z
umini.shujupie.com,2,2026-08-04T02:22:04.402921707Z,2026-08-04T02:22:04.404535844Z
upc.flysleep.cn,2,2026-08-02T08:03:02.398134465Z,2026-08-02T08:03:02.401333603Z
us.l.qq.com,2,2026-07-30T03:53:13.266800248Z,2026-07-30T03:53:13.269580456Z
v2ii.gdt.qq.com,2,2026-07-30T03:53:15.810096651Z,2026-07-30T03:53:15.814656625Z
vbkhekhuvhbvi.jspcdn.cn,2,2026-08-03T07:46:23.608726294Z,2026-08-03T07:46:23.608807691Z
vuqenkdqvneqcmnnbqq.jspcdn.cn,2,2026-08-02T15:18:28.809550005Z,2026-08-02T15:18:28.811429554Z
vuqenkmvknimaqncnnbqq.jspcdn.cn,2,2026-07-30T03:26:34.934094164Z,2026-07-30T03:26:34.93523837Z
vuqenkmvknimqdneqqnnbqq.jspcdn.cn,2,2026-08-03T09:48:36.692234143Z,2026-08-03T09:48:36.693822953Z
vuqenkmvqnvkmbnvqvnqnjnqnbqb.jspcdn.cn,2,2026-07-31T02:37:07.778948109Z,2026-07-31T02:37:07.780686661Z
vuqknkdjmncqbinbjnnbqq.jspcdn.cn,2,2026-08-03T07:47:41.499351553Z,2026-08-03T07:47:41.499857932Z
vuqknkduqngbttnvnqnbnqnbqq.jspcdn.cn,2,2026-08-01T07:53:38.18876556Z,2026-08-01T07:53:38.192021647Z
w1.kskwai.com,2,2026-08-03T12:18:32.335356311Z,2026-08-03T12:18:32.338406104Z
wnsmusic.qq.com,2,2026-08-02T08:02:47.880705529Z,2026-08-02T08:02:47.887903839Z
www.qchannel03.cn,2,2026-07-30T22:30:49.301907803Z,2026-07-30T22:30:49.303470489Z
xy-cdnfile1pcdn.msstatic.com,2,2026-07-30T03:53:14.864904712Z,2026-07-30T03:53:14.86496146Z
xy-fileserverpcdn.cdn.huya.com,2,2026-07-30T03:53:14.824636625Z,2026-07-30T03:53:14.832921746Z
xy-livewebbs2pcdn.msstatic.com,2,2026-07-30T03:53:14.80781683Z,2026-07-30T03:53:14.823517605Z
ylog.huya.com,2,2026-07-30T03:53:13.657913844Z,2026-07-30T03:53:13.667549594Z
yoda.kwd.inkuai.com,2,2026-07-29T14:56:22.601319345Z,2026-07-29T14:56:22.611207856Z
yumao.puata.info,2,2026-08-05T03:59:42.239076604Z,2026-08-05T03:59:42.23913605Z
zt.gifshow.com,2,2026-08-03T12:18:32.174096432Z,2026-08-03T12:18:32.17614046Z
zz.bdstatic.com,2,2026-08-03T12:18:03.543813275Z,2026-08-03T12:18:03.54523164Z
120-223-160-21-ad08eab9.bvmlt.top,1,2026-08-05T08:59:15.425182903Z,2026-08-05T08:59:15.425182903Z
120-223-160-24-ad8689ee.bvmlt.top,1,2026-08-05T07:41:04.115508842Z,2026-08-05T07:41:04.115508842Z
120-223-160-79-ad0fd4cc.bvmlt.top,1,2026-08-05T07:41:04.109937216Z,2026-08-05T07:41:04.109937216Z
120-223-160-80-adfc94d6.bvmlt.top,1,2026-08-05T08:59:15.426951232Z,2026-08-05T08:59:15.426951232Z
120-223-160-86-ad0eadb5.bvmlt.top,1,2026-08-05T08:59:15.425275544Z,2026-08-05T08:59:15.425275544Z
120-223-160-87-ad6284c8.bvmlt.top,1,2026-08-05T07:41:04.118508652Z,2026-08-05T07:41:04.118508652Z
120-223-160-90-ad409950.bvmlt.top,1,2026-08-05T07:41:04.115089859Z,2026-08-05T07:41:04.115089859Z
awscn.okpool.top,1,2026-08-03T13:26:59.315890584Z,2026-08-03T13:26:59.315890584Z
